,NAV Date,NAV Price
0,04/04/2024,0.3028
1,03/04/2024,0.3019
2,02/04/2024,0.299
3,01/04/2024,0.2991
4,29/03/2024,0.2994
5,27/03/2024,0.301
6,26/03/2024,0.3003
7,25/03/2024,0.2976
8,22/03/2024,0.2942
9,21/03/2024,0.2932
10,20/03/2024,0.2911
11,19/03/2024,0.2904
12,18/03/2024,0.2897
13,15/03/2024,0.2891
14,14/03/2024,0.2871
15,13/03/2024,0.2848
16,12/03/2024,0.2839
17,11/03/2024,0.2854
18,08/03/2024,0.284
19,07/03/2024,0.2792
20,06/03/2024,0.2787
21,05/03/2024,0.2792
22,04/03/2024,0.2791
23,01/03/2024,0.2845
24,29/02/2024,0.2841
25,28/02/2024,0.2871
26,27/02/2024,0.2886
27,26/02/2024,0.2856
28,23/02/2024,0.2815
29,22/02/2024,0.2807
30,21/02/2024,0.2797
31,20/02/2024,0.2795
32,19/02/2024,0.2788
33,16/02/2024,0.2766
34,15/02/2024,0.277
35,14/02/2024,0.2746
36,13/02/2024,0.2753
37,09/02/2024,0.273
38,08/02/2024,0.2724
39,07/02/2024,0.2712
40,06/02/2024,0.2714
41,05/02/2024,0.271
42,02/02/2024,0.2709
43,31/01/2024,0.2717
44,30/01/2024,0.2708
45,29/01/2024,0.2731
46,26/01/2024,0.2711
47,24/01/2024,0.2699
48,23/01/2024,0.2643
49,22/01/2024,0.2641
50,19/01/2024,0.2636
51,18/01/2024,0.2582
52,17/01/2024,0.2586
53,16/01/2024,0.2587
54,15/01/2024,0.2599
55,12/01/2024,0.2606
56,11/01/2024,0.2598
57,10/01/2024,0.262
58,09/01/2024,0.2614
59,08/01/2024,0.2607
60,05/01/2024,0.2608
61,04/01/2024,0.2591
62,03/01/2024,0.2535
63,02/01/2024,0.2502
64,29/12/2023,0.2498
65,28/12/2023,0.2508
66,27/12/2023,0.2491
67,26/12/2023,0.2491
68,22/12/2023,0.2486
69,21/12/2023,0.2476
70,20/12/2023,0.248
71,19/12/2023,0.249
72,18/12/2023,0.2497
73,15/12/2023,0.2509
74,14/12/2023,0.2489
75,13/12/2023,0.2477
76,12/12/2023,0.246
77,11/12/2023,0.2443
78,08/12/2023,0.2464
79,07/12/2023,0.2452
80,06/12/2023,0.2451
81,05/12/2023,0.2455
82,04/12/2023,0.2446
83,01/12/2023,0.2447
84,30/11/2023,0.2447
85,29/11/2023,0.2427
86,28/11/2023,0.2424
87,27/11/2023,0.2415
88,24/11/2023,0.2409
89,23/11/2023,0.2415
90,22/11/2023,0.2401
91,21/11/2023,0.2391
92,20/11/2023,0.2378
93,17/11/2023,0.2377
94,16/11/2023,0.2378
95,15/11/2023,0.2384
96,14/11/2023,0.2383
97,10/11/2023,0.2383
98,09/11/2023,0.239
99,08/11/2023,0.2371
0,07/11/2023,0.2367
1,06/11/2023,0.2375
2,03/11/2023,0.236
3,02/11/2023,0.2351
4,01/11/2023,0.2336
5,31/10/2023,0.2353
6,30/10/2023,0.2357
7,27/10/2023,0.2359
8,26/10/2023,0.2352
9,25/10/2023,0.2349
10,24/10/2023,0.2331
11,23/10/2023,0.2314
12,20/10/2023,0.2345
13,19/10/2023,0.2347
14,18/10/2023,0.2356
15,17/10/2023,0.2365
16,16/10/2023,0.2364
17,13/10/2023,0.2378
18,12/10/2023,0.2387
19,11/10/2023,0.2382
20,10/10/2023,0.2361
21,09/10/2023,0.2356
22,06/10/2023,0.2356
23,05/10/2023,0.2358
24,04/10/2023,0.2363
25,03/10/2023,0.237
26,02/10/2023,0.2376
27,29/09/2023,0.238
28,27/09/2023,0.239
29,26/09/2023,0.2405
30,25/09/2023,0.2404
31,22/09/2023,0.2414
32,21/09/2023,0.2407
33,20/09/2023,0.2412
34,19/09/2023,0.242
35,18/09/2023,0.2422
36,15/09/2023,0.243
37,14/09/2023,0.2414
38,13/09/2023,0.2382
39,12/09/2023,0.2348
40,11/09/2023,0.2353
41,08/09/2023,0.2362
42,07/09/2023,0.2363
43,06/09/2023,0.2376
44,05/09/2023,0.2368
45,04/09/2023,0.239
46,01/09/2023,0.2397
47,30/08/2023,0.2375
48,29/08/2023,0.2352
49,28/08/2023,0.2367
50,25/08/2023,0.2343
51,24/08/2023,0.2353
52,23/08/2023,0.2345
53,22/08/2023,0.2329
54,18/08/2023,0.2327
55,17/08/2023,0.229
56,16/08/2023,0.2314
57,15/08/2023,0.2269
58,14/08/2023,0.2238
59,11/08/2023,0.2209
60,10/08/2023,0.2204
61,09/08/2023,0.2163
62,08/08/2023,0.2155
63,07/08/2023,0.2154
64,04/08/2023,0.2158
65,03/08/2023,0.215
66,02/08/2023,0.2151
67,01/08/2023,0.2162
68,31/07/2023,0.2172
69,28/07/2023,0.2169
70,27/07/2023,0.2172
71,26/07/2023,0.2156
72,25/07/2023,0.2159
73,24/07/2023,0.216
74,21/07/2023,0.2147
75,20/07/2023,0.2165
76,18/07/2023,0.2193
77,17/07/2023,0.2206
78,14/07/2023,0.222
79,13/07/2023,0.2202
80,12/07/2023,0.2181
81,11/07/2023,0.2172
82,10/07/2023,0.2158
83,07/07/2023,0.2165
84,06/07/2023,0.2165
85,05/07/2023,0.2159
86,04/07/2023,0.2149
87,03/07/2023,0.2145
88,30/06/2023,0.2138
89,28/06/2023,0.2136
90,27/06/2023,0.2128
91,26/06/2023,0.2113
92,23/06/2023,0.2115
93,22/06/2023,0.2118
94,21/06/2023,0.2111
95,20/06/2023,0.2087
96,19/06/2023,0.2097
97,16/06/2023,0.2096
98,15/06/2023,0.2092
99,14/06/2023,0.2101
0,13/06/2023,0.2076
1,12/06/2023,0.2064
2,09/06/2023,0.207
3,08/06/2023,0.2053
4,07/06/2023,0.2054
5,06/06/2023,0.2062
6,02/06/2023,0.2061
7,01/06/2023,0.2049
8,31/05/2023,0.206
9,30/05/2023,0.2069
10,29/05/2023,0.207
11,26/05/2023,0.2066
12,25/05/2023,0.208
13,24/05/2023,0.2078
14,23/05/2023,0.2088
15,22/05/2023,0.2099
16,19/05/2023,0.2103
17,18/05/2023,0.2134
18,17/05/2023,0.2111
19,16/05/2023,0.2061
20,15/05/2023,0.2061
21,12/05/2023,0.2068
22,11/05/2023,0.2067
23,10/05/2023,0.2072
24,09/05/2023,0.2067
25,08/05/2023,0.2092
26,05/05/2023,0.2085
27,03/05/2023,0.2085
28,02/05/2023,0.2097
29,28/04/2023,0.2091
30,27/04/2023,0.2099
31,26/04/2023,0.2101
32,25/04/2023,0.2099
33,20/04/2023,0.2109
34,19/04/2023,0.2116
35,18/04/2023,0.2125
36,17/04/2023,0.2135
37,14/04/2023,0.2142
38,13/04/2023,0.2151
39,12/04/2023,0.2146
40,11/04/2023,0.2159
41,10/04/2023,0.215
42,07/04/2023,0.2151
43,06/04/2023,0.215
44,05/04/2023,0.2157
45,04/04/2023,0.2159
46,03/04/2023,0.2149
47,31/03/2023,0.2127
48,30/03/2023,0.213
49,29/03/2023,0.2121
50,28/03/2023,0.2108
51,27/03/2023,0.2094
52,24/03/2023,0.2105
53,23/03/2023,0.2118
54,22/03/2023,0.2115
55,21/03/2023,0.2106
56,20/03/2023,0.2099
57,17/03/2023,0.2117
58,16/03/2023,0.2113
59,15/03/2023,0.2138
60,14/03/2023,0.2124
61,13/03/2023,0.2167
62,10/03/2023,0.2169
63,09/03/2023,0.2176
64,08/03/2023,0.2172
65,07/03/2023,0.218
66,06/03/2023,0.2177
67,03/03/2023,0.2175
68,02/03/2023,0.2177
69,01/03/2023,0.2168
70,28/02/2023,0.2162
71,27/02/2023,0.2178
72,24/02/2023,0.2174
73,23/02/2023,0.218
74,22/02/2023,0.2159
75,21/02/2023,0.2173
76,20/02/2023,0.2179
77,17/02/2023,0.2185
78,16/02/2023,0.2225
79,15/02/2023,0.2217
80,14/02/2023,0.2228
81,13/02/2023,0.2218
82,10/02/2023,0.2228
83,09/02/2023,0.2225
84,08/02/2023,0.2221
85,07/02/2023,0.2215
86,03/02/2023,0.2235
87,02/02/2023,0.2218
88,31/01/2023,0.2195
89,30/01/2023,0.2209
90,27/01/2023,0.2218
91,26/01/2023,0.2206
92,25/01/2023,0.2216
93,20/01/2023,0.2193
94,19/01/2023,0.2183
95,18/01/2023,0.2187
96,17/01/2023,0.2181
97,16/01/2023,0.218
98,13/01/2023,0.2196
99,12/01/2023,0.2186
0,11/01/2023,0.2185
1,10/01/2023,0.2162
2,09/01/2023,0.2175
3,06/01/2023,0.215
4,05/01/2023,0.2152
5,04/01/2023,0.2147
6,03/01/2023,0.2142
7,30/12/2022,0.2144
8,29/12/2022,0.2139
9,28/12/2022,0.2157
10,27/12/2022,0.2155
11,23/12/2022,0.215
12,22/12/2022,0.2144
13,21/12/2022,0.2146
14,20/12/2022,0.2139
15,19/12/2022,0.2145
16,16/12/2022,0.2155
17,15/12/2022,0.2143
18,14/12/2022,0.2151
19,13/12/2022,0.214
20,12/12/2022,0.2139
21,09/12/2022,0.2141
22,08/12/2022,0.2122
23,07/12/2022,0.213
24,06/12/2022,0.2142
25,05/12/2022,0.2145
26,02/12/2022,0.2143
27,01/12/2022,0.2128
28,30/11/2022,0.2112
29,29/11/2022,0.2105
30,28/11/2022,0.2097
31,27/11/2022,0.2097
32,26/11/2022,0.2097
33,25/11/2022,0.2097
34,24/11/2022,0.2117
35,23/11/2022,0.2056
36,22/11/2022,0.2058
37,21/11/2022,0.2066
38,20/11/2022,0.2083
39,19/11/2022,0.2083
40,18/11/2022,0.2083
41,17/11/2022,0.2083
42,16/11/2022,0.2086
43,15/11/2022,0.2086
44,14/11/2022,0.2091
45,13/11/2022,0.2088
46,12/11/2022,0.2088
47,11/11/2022,0.2088
48,10/11/2022,0.2072
49,09/11/2022,0.2079
50,08/11/2022,0.208
51,07/11/2022,0.2073
52,06/11/2022,0.2074
53,05/11/2022,0.2074
54,04/11/2022,0.2074
55,03/11/2022,0.2055
56,02/11/2022,0.2064
57,01/11/2022,0.2065
58,31/10/2022,0.2062
59,30/10/2022,0.2052
60,29/10/2022,0.2052
61,28/10/2022,0.2052
62,27/10/2022,0.2061
63,26/10/2022,0.205
64,25/10/2022,0.2043
65,24/10/2022,0.2043
66,23/10/2022,0.2043
67,22/10/2022,0.2043
68,21/10/2022,0.2043
69,20/10/2022,0.2045
70,19/10/2022,0.2025
71,18/10/2022,0.203
72,17/10/2022,0.2012
73,16/10/2022,0.2013
74,15/10/2022,0.2013
75,14/10/2022,0.2013
76,13/10/2022,0.201
77,12/10/2022,0.2021
78,11/10/2022,0.2027
79,10/10/2022,0.205
80,09/10/2022,0.205
81,08/10/2022,0.205
82,07/10/2022,0.205
83,06/10/2022,0.205
84,05/10/2022,0.2048
85,04/10/2022,0.2034
86,03/10/2022,0.2023
87,02/10/2022,0.2025
88,01/10/2022,0.2025
89,30/09/2022,0.2025
90,29/09/2022,0.2026
91,28/09/2022,0.2022
92,27/09/2022,0.204
93,26/09/2022,0.2049
94,25/09/2022,0.2077
95,24/09/2022,0.2077
96,23/09/2022,0.2077
97,22/09/2022,0.209
98,21/09/2022,0.2102
99,20/09/2022,0.2107
0,19/09/2022,0.2102
1,18/09/2022,0.2117
2,17/09/2022,0.2117
3,16/09/2022,0.2117
4,15/09/2022,0.2117
5,14/09/2022,0.212
6,13/09/2022,0.2131
7,12/09/2022,0.2145
8,11/09/2022,0.2141
9,10/09/2022,0.2141
10,09/09/2022,0.2141
11,08/09/2022,0.2154
12,07/09/2022,0.2154
13,06/09/2022,0.2157
14,05/09/2022,0.2156
15,04/09/2022,0.2141
16,03/09/2022,0.2141
17,02/09/2022,0.2141
18,01/09/2022,0.2141
19,30/08/2022,0.2165
20,29/08/2022,0.2149
21,28/08/2022,0.2155
22,27/08/2022,0.2155
23,26/08/2022,0.2155
24,25/08/2022,0.2141
25,24/08/2022,0.2101
26,23/08/2022,0.2103
27,22/08/2022,0.2097
28,21/08/2022,0.2111
29,20/08/2022,0.2111
30,19/08/2022,0.2111
31,18/08/2022,0.2102
32,17/08/2022,0.2102
33,16/08/2022,0.2099
34,15/08/2022,0.2102
35,14/08/2022,0.2108
36,13/08/2022,0.2108
37,12/08/2022,0.2108
38,11/08/2022,0.2105
39,10/08/2022,0.2095
40,09/08/2022,0.2098
41,08/08/2022,0.2098
42,07/08/2022,0.2096
43,06/08/2022,0.2096
44,05/08/2022,0.2096
45,04/08/2022,0.2094
46,03/08/2022,0.2089
47,02/08/2022,0.2095
48,01/08/2022,0.2113
49,31/07/2022,0.2103
50,30/07/2022,0.2103
51,29/07/2022,0.2103
52,28/07/2022,0.2101
53,27/07/2022,0.2066
54,26/07/2022,0.2063
55,25/07/2022,0.2055
56,24/07/2022,0.206
57,23/07/2022,0.206
58,22/07/2022,0.206
59,21/07/2022,0.2052
60,20/07/2022,0.2022
61,19/07/2022,0.2013
62,18/07/2022,0.2019
63,17/07/2022,0.2
64,16/07/2022,0.2
65,15/07/2022,0.2
66,14/07/2022,0.2003
67,13/07/2022,0.2007
68,12/07/2022,0.2021
69,11/07/2022,0.2035
70,10/07/2022,0.2035
71,09/07/2022,0.2035
72,08/07/2022,0.2035
73,07/07/2022,0.2022
74,06/07/2022,0.2036
75,05/07/2022,0.207
76,04/07/2022,0.2071
77,03/07/2022,0.208
78,02/07/2022,0.208
79,01/07/2022,0.208
80,30/06/2022,0.2087
81,29/06/2022,0.2093
82,28/06/2022,0.2105
83,27/06/2022,0.2078
84,26/06/2022,0.2078
85,25/06/2022,0.2078
86,24/06/2022,0.2078
87,23/06/2022,0.2066
88,22/06/2022,0.2079
89,21/06/2022,0.2096
90,20/06/2022,0.2086
91,19/06/2022,0.211
92,18/06/2022,0.211
93,17/06/2022,0.211
94,16/06/2022,0.2138
95,15/06/2022,0.2132
96,14/06/2022,0.2164
97,13/06/2022,0.2147
98,12/06/2022,0.2214
99,11/06/2022,0.2214
0,10/06/2022,0.2214
1,09/06/2022,0.2231
2,08/06/2022,0.2251
3,07/06/2022,0.2252
4,06/06/2022,0.226
5,05/06/2022,0.226
6,04/06/2022,0.226
7,03/06/2022,0.226
8,02/06/2022,0.2257
9,01/06/2022,0.2259
10,31/05/2022,0.2285
11,30/05/2022,0.2244
12,29/05/2022,0.2247
13,28/05/2022,0.2247
14,27/05/2022,0.2247
15,26/05/2022,0.226
16,25/05/2022,0.2255
17,24/05/2022,0.2259
18,23/05/2022,0.2274
19,22/05/2022,0.2278
20,21/05/2022,0.2278
21,20/05/2022,0.2278
22,19/05/2022,0.2259
23,18/05/2022,0.2271
24,17/05/2022,0.2265
25,16/05/2022,0.2235
26,15/05/2022,0.2235
27,14/05/2022,0.2235
28,13/05/2022,0.2235
29,12/05/2022,0.2235
30,11/05/2022,0.2277
31,10/05/2022,0.2274
32,09/05/2022,0.2293
33,08/05/2022,0.2328
34,07/05/2022,0.2328
35,06/05/2022,0.2328
36,05/05/2022,0.2336
37,04/05/2022,0.2339
38,03/05/2022,0.2339
39,02/05/2022,0.2339
40,01/05/2022,0.2339
41,30/04/2022,0.2339
42,29/04/2022,0.2339
43,28/04/2022,0.2322
44,27/04/2022,0.2313
45,26/04/2022,0.233
46,25/04/2022,0.2306
47,24/04/2022,0.2334
48,23/04/2022,0.2334
49,22/04/2022,0.2334
50,21/04/2022,0.2336
51,20/04/2022,0.2319
52,19/04/2022,0.2318
53,18/04/2022,0.2318
54,17/04/2022,0.2316
55,16/04/2022,0.2316
56,15/04/2022,0.2316
57,14/04/2022,0.2315
58,13/04/2022,0.232
59,12/04/2022,0.2302
60,11/04/2022,0.2313
61,10/04/2022,0.2313
62,09/04/2022,0.2313
63,08/04/2022,0.2313
64,07/04/2022,0.2308
65,06/04/2022,0.2301
66,05/04/2022,0.2291
67,04/04/2022,0.2299
68,03/04/2022,0.2278
69,02/04/2022,0.2278
70,01/04/2022,0.2278
71,31/03/2022,0.229
72,30/03/2022,0.2283
73,29/03/2022,0.2285
74,28/03/2022,0.2298
75,27/03/2022,0.2306
76,26/03/2022,0.2306
77,25/03/2022,0.2306
78,24/03/2022,0.2303
79,23/03/2022,0.2309
80,22/03/2022,0.2296
81,21/03/2022,0.2285
82,20/03/2022,0.2278
83,19/03/2022,0.2278
84,18/03/2022,0.2278
85,17/03/2022,0.2277
86,16/03/2022,0.2259
87,15/03/2022,0.2231
88,14/03/2022,0.2265
89,13/03/2022,0.2292
90,12/03/2022,0.2292
91,11/03/2022,0.2292
92,10/03/2022,0.2295
93,09/03/2022,0.2305
94,08/03/2022,0.2279
95,07/03/2022,0.2308
96,06/03/2022,0.2314
97,05/03/2022,0.2314
98,04/03/2022,0.2314
99,03/03/2022,0.2341
0,02/03/2022,0.2316
1,01/03/2022,0.2317
2,28/02/2022,0.2329
3,27/02/2022,0.2321
4,26/02/2022,0.2321
5,25/02/2022,0.2321
6,24/02/2022,0.2311
7,23/02/2022,0.2309
8,22/02/2022,0.229
9,21/02/2022,0.2298
10,20/02/2022,0.2311
11,19/02/2022,0.2311
12,18/02/2022,0.2311
13,17/02/2022,0.2311
14,16/02/2022,0.2306
15,15/02/2022,0.2298
16,14/02/2022,0.2291
17,13/02/2022,0.2283
18,12/02/2022,0.2283
19,11/02/2022,0.2283
20,10/02/2022,0.2277
21,09/02/2022,0.2279
22,08/02/2022,0.2262
23,07/02/2022,0.2257
24,06/02/2022,0.2258
25,05/02/2022,0.2258
26,04/02/2022,0.2258
27,03/02/2022,0.2244
28,02/02/2022,0.2239
29,01/02/2022,0.2239
30,31/01/2022,0.2239
31,30/01/2022,0.2236
32,29/01/2022,0.2236
33,28/01/2022,0.2236
34,27/01/2022,0.2238
35,26/01/2022,0.2233
36,25/01/2022,0.222
37,24/01/2022,0.2229
38,23/01/2022,0.2234
39,22/01/2022,0.2234
40,21/01/2022,0.2234
41,20/01/2022,0.2243
42,19/01/2022,0.2241
43,18/01/2022,0.2268
44,17/01/2022,0.2268
45,16/01/2022,0.2283
46,15/01/2022,0.2283
47,14/01/2022,0.2283
48,13/01/2022,0.2483
49,12/01/2022,0.2497
50,11/01/2022,0.2478
51,10/01/2022,0.2497
52,09/01/2022,0.2531
53,08/01/2022,0.2531
54,07/01/2022,0.2531
55,06/01/2022,0.2531
56,05/01/2022,0.2548
57,04/01/2022,0.255
58,03/01/2022,0.2536
59,02/01/2022,0.2537
60,01/01/2022,0.2537
61,31/12/2021,0.2537
62,30/12/2021,0.2542
63,29/12/2021,0.2537
64,28/12/2021,0.2532
65,27/12/2021,0.251
66,26/12/2021,0.2502
67,25/12/2021,0.2502
68,24/12/2021,0.2502
69,23/12/2021,0.2492
70,22/12/2021,0.2476
71,21/12/2021,0.2463
72,20/12/2021,0.2462
73,19/12/2021,0.2484
74,18/12/2021,0.2484
75,17/12/2021,0.2484
76,16/12/2021,0.2481
77,15/12/2021,0.2465
78,14/12/2021,0.2464
79,13/12/2021,0.2471
80,12/12/2021,0.2471
81,11/12/2021,0.2471
82,10/12/2021,0.2471
83,09/12/2021,0.2478
84,08/12/2021,0.2472
85,07/12/2021,0.2466
86,06/12/2021,0.2438
87,05/12/2021,0.2477
88,04/12/2021,0.2477
89,03/12/2021,0.2477
90,02/12/2021,0.2477
91,01/12/2021,0.2499
92,30/11/2021,0.2507
93,29/11/2021,0.2485
94,28/11/2021,0.2498
95,27/11/2021,0.2498
96,26/11/2021,0.2498
97,25/11/2021,0.2548
98,24/11/2021,0.2562
99,23/11/2021,0.2573
0,22/11/2021,0.259
1,21/11/2021,0.2592
2,20/11/2021,0.2592
3,19/11/2021,0.2592
4,18/11/2021,0.2575
5,17/11/2021,0.2594
6,16/11/2021,0.2613
7,15/11/2021,0.262
8,14/11/2021,0.2633
9,13/11/2021,0.2633
10,12/11/2021,0.2633
11,11/11/2021,0.262
12,10/11/2021,0.2628
13,09/11/2021,0.2633
14,08/11/2021,0.2634
15,07/11/2021,0.2628
16,06/11/2021,0.2628
17,05/11/2021,0.2628
18,04/11/2021,0.2621
19,03/11/2021,0.2621
20,02/11/2021,0.2631
21,01/11/2021,0.2599
22,31/10/2021,0.2639
23,30/10/2021,0.2639
24,29/10/2021,0.2639
25,28/10/2021,0.2624
26,27/10/2021,0.2633
27,26/10/2021,0.2625
28,25/10/2021,0.2624
29,24/10/2021,0.2627
30,23/10/2021,0.2627
31,22/10/2021,0.2627
32,21/10/2021,0.2632
33,20/10/2021,0.264
34,19/10/2021,0.2646
35,18/10/2021,0.2646
36,17/10/2021,0.2638
37,16/10/2021,0.2638
38,15/10/2021,0.2638
39,14/10/2021,0.2628
40,13/10/2021,0.2611
41,12/10/2021,0.2604
42,11/10/2021,0.2592
43,10/10/2021,0.2586
44,09/10/2021,0.2586
45,08/10/2021,0.2586
46,07/10/2021,0.2583
47,06/10/2021,0.2568
48,05/10/2021,0.2543
49,04/10/2021,0.2546
50,03/10/2021,0.253
51,02/10/2021,0.253
52,01/10/2021,0.253
53,30/09/2021,0.256
54,29/09/2021,0.2584
55,28/09/2021,0.259
56,27/09/2021,0.2599
57,26/09/2021,0.2592
58,25/09/2021,0.2592
59,24/09/2021,0.2592
60,23/09/2021,0.2594
61,22/09/2021,0.2562
62,21/09/2021,0.2552
63,20/09/2021,0.254
64,19/09/2021,0.2584
65,18/09/2021,0.2584
66,17/09/2021,0.2584
67,16/09/2021,0.2586
68,15/09/2021,0.2586
69,14/09/2021,0.2583
70,13/09/2021,0.2584
71,12/09/2021,0.258
72,11/09/2021,0.258
73,10/09/2021,0.258
74,09/09/2021,0.2583
75,08/09/2021,0.261
76,07/09/2021,0.2613
77,06/09/2021,0.2607
78,05/09/2021,0.2575
79,04/09/2021,0.2575
80,03/09/2021,0.2575
81,02/09/2021,0.2547
82,01/09/2021,0.2558
83,30/08/2021,0.2558
84,27/08/2021,0.2557
85,26/08/2021,0.2565
86,25/08/2021,0.2561
87,24/08/2021,0.2572
88,23/08/2021,0.2518
89,22/08/2021,0.2492
90,21/08/2021,0.2492
91,20/08/2021,0.2492
92,19/08/2021,0.2482
93,18/08/2021,0.25
94,17/08/2021,0.2495
95,16/08/2021,0.2498
96,15/08/2021,0.2505
97,14/08/2021,0.2505
98,13/08/2021,0.2505
99,12/08/2021,0.2509
0,11/08/2021,0.2523
1,10/08/2021,0.2536
2,09/08/2021,0.2536
3,08/08/2021,0.2545
4,07/08/2021,0.2545
5,06/08/2021,0.2545
6,05/08/2021,0.2549
7,04/08/2021,0.2528
8,03/08/2021,0.255
9,02/08/2021,0.2549
10,01/08/2021,0.252
11,31/07/2021,0.252
12,30/07/2021,0.252
13,29/07/2021,0.2501
14,28/07/2021,0.25
15,27/07/2021,0.2502
16,26/07/2021,0.2509
17,25/07/2021,0.2511
18,24/07/2021,0.2511
19,23/07/2021,0.2511
20,22/07/2021,0.25
21,21/07/2021,0.2474
22,20/07/2021,0.2482
23,19/07/2021,0.2482
24,18/07/2021,0.2479
25,17/07/2021,0.2479
26,16/07/2021,0.2479
27,15/07/2021,0.2485
28,14/07/2021,0.2472
29,13/07/2021,0.2453
30,12/07/2021,0.2432
31,11/07/2021,0.2451
32,10/07/2021,0.2451
33,09/07/2021,0.2451
34,08/07/2021,0.2438
35,07/07/2021,0.2476
36,06/07/2021,0.2465
37,05/07/2021,0.2463
38,04/07/2021,0.245
39,03/07/2021,0.245
40,02/07/2021,0.245
41,01/07/2021,0.2444
42,30/06/2021,0.2436
43,29/06/2021,0.2443
44,28/06/2021,0.244
45,27/06/2021,0.2457
46,26/06/2021,0.2457
47,25/06/2021,0.2457
48,24/06/2021,0.2463
49,23/06/2021,0.2487
50,22/06/2021,0.2494
51,21/06/2021,0.251
52,20/06/2021,0.2526
53,19/06/2021,0.2526
54,18/06/2021,0.2526
55,17/06/2021,0.2519
56,16/06/2021,0.2526
57,15/06/2021,0.254
58,14/06/2021,0.2513
59,13/06/2021,0.2498
60,12/06/2021,0.2498
61,11/06/2021,0.2498
62,10/06/2021,0.2486
63,09/06/2021,0.2481
64,08/06/2021,0.2492
65,07/06/2021,0.248
66,06/06/2021,0.248
67,05/06/2021,0.248
68,04/06/2021,0.248
69,03/06/2021,0.2494
70,02/06/2021,0.2501
71,01/06/2021,0.2468
72,31/05/2021,0.2446
73,30/05/2021,0.2445
74,29/05/2021,0.2445
75,28/05/2021,0.2445
76,27/05/2021,0.2467
77,26/05/2021,0.2445
78,25/05/2021,0.2445
79,24/05/2021,0.243
80,23/05/2021,0.2373
81,22/05/2021,0.2373
82,21/05/2021,0.2373
83,20/05/2021,0.2374
84,19/05/2021,0.2397
85,18/05/2021,0.2439
86,17/05/2021,0.2398
87,16/05/2021,0.2421
88,15/05/2021,0.2421
89,14/05/2021,0.2421
90,13/05/2021,0.2421
91,12/05/2021,0.2421
92,11/05/2021,0.2418
93,10/05/2021,0.2468
94,09/05/2021,0.2484
95,08/05/2021,0.2484
96,07/05/2021,0.2484
97,06/05/2021,0.2483
98,05/05/2021,0.2497
99,04/05/2021,0.2515
0,03/05/2021,0.2528
1,02/05/2021,0.2548
2,01/05/2021,0.2548
3,30/04/2021,0.2548
4,29/04/2021,0.2568
5,28/04/2021,0.2568
6,27/04/2021,0.2582
7,26/04/2021,0.2593
8,25/04/2021,0.2588
9,24/04/2021,0.2588
10,23/04/2021,0.2588
11,22/04/2021,0.2581
12,21/04/2021,0.2561
13,20/04/2021,0.257
14,19/04/2021,0.2584
15,18/04/2021,0.2594
16,17/04/2021,0.2594
17,16/04/2021,0.2594
18,15/04/2021,0.2598
19,14/04/2021,0.2623
20,13/04/2021,0.262
21,12/04/2021,0.2605
22,11/04/2021,0.2595
23,10/04/2021,0.2595
24,09/04/2021,0.2595
25,08/04/2021,0.2601
26,07/04/2021,0.2592
27,06/04/2021,0.2588
28,05/04/2021,0.26
29,04/04/2021,0.2597
30,03/04/2021,0.2597
31,02/04/2021,0.2597
32,01/04/2021,0.2562
33,31/03/2021,0.2537
34,30/03/2021,0.2561
35,29/03/2021,0.2559
36,28/03/2021,0.253
37,27/03/2021,0.253
38,26/03/2021,0.253
39,25/03/2021,0.2504
40,24/03/2021,0.2515
41,23/03/2021,0.2522
42,22/03/2021,0.2534
43,21/03/2021,0.2523
44,20/03/2021,0.2523
45,19/03/2021,0.2523
46,18/03/2021,0.2545
47,17/03/2021,0.2506
48,16/03/2021,0.2507
49,15/03/2021,0.2516
50,12/03/2021,0.2535
51,11/03/2021,0.2538
52,10/03/2021,0.2494
53,09/03/2021,0.2472
54,08/03/2021,0.2461
55,07/03/2021,0.2529
56,06/03/2021,0.2529
57,05/03/2021,0.2529
58,04/03/2021,0.2563
59,03/03/2021,0.2599
60,02/03/2021,0.26
61,01/03/2021,0.2595
62,28/02/2021,0.2571
63,27/02/2021,0.2571
64,26/02/2021,0.2571
65,25/02/2021,0.26
66,24/02/2021,0.2518
67,23/02/2021,0.2544
68,22/02/2021,0.2535
69,19/02/2021,0.2575
70,18/02/2021,0.2534
71,17/02/2021,0.2561
72,16/02/2021,0.259
73,15/02/2021,0.259
74,14/02/2021,0.2563
75,13/02/2021,0.2563
76,12/02/2021,0.2563
77,11/02/2021,0.2563
78,10/02/2021,0.2526
79,09/02/2021,0.2533
80,08/02/2021,0.252
81,05/02/2021,0.2529
82,04/02/2021,0.2562
83,03/02/2021,0.2546
84,02/02/2021,0.2498
85,01/02/2021,0.2487
86,31/01/2021,0.2487
87,30/01/2021,0.2487
88,29/01/2021,0.2487
89,27/01/2021,0.2531
90,26/01/2021,0.2483
91,25/01/2021,0.2438
92,24/01/2021,0.2489
93,23/01/2021,0.2489
94,22/01/2021,0.2489
95,21/01/2021,0.2446
96,20/01/2021,0.2474
97,19/01/2021,0.2451
98,18/01/2021,0.2468
99,17/01/2021,0.2425
0,16/01/2021,0.2425
1,15/01/2021,0.2425
2,14/01/2021,0.2407
3,13/01/2021,0.2381
4,12/01/2021,0.2321
5,11/01/2021,0.2325
6,10/01/2021,0.2316
7,09/01/2021,0.2316
8,08/01/2021,0.2316
9,07/01/2021,0.2317
10,06/01/2021,0.2346
11,05/01/2021,0.2391
12,04/01/2021,0.2401
13,03/01/2021,0.2409
14,02/01/2021,0.2409
15,01/01/2021,0.2409
16,31/12/2020,0.2409
17,30/12/2020,0.2403
18,29/12/2020,0.2404
19,28/12/2020,0.2393
20,27/12/2020,0.2366
21,26/12/2020,0.2366
22,25/12/2020,0.2366
23,24/12/2020,0.2366
24,23/12/2020,0.2346
25,22/12/2020,0.2332
26,21/12/2020,0.2365
27,20/12/2020,0.238
28,19/12/2020,0.238
29,18/12/2020,0.238
30,17/12/2020,0.2363
31,16/12/2020,0.2388
32,15/12/2020,0.2375
33,14/12/2020,0.236
34,11/12/2020,0.2372
35,10/12/2020,0.2353
36,09/12/2020,0.2357
37,08/12/2020,0.2359
38,07/12/2020,0.2355
39,04/12/2020,0.2347
40,03/12/2020,0.2357
41,02/12/2020,0.2326
42,01/12/2020,0.2308
43,30/11/2020,0.229
44,29/11/2020,0.2301
45,28/11/2020,0.2301
46,27/11/2020,0.2301
47,26/11/2020,0.2304
48,25/11/2020,0.2255
49,24/11/2020,0.2225
50,23/11/2020,0.2265
51,22/11/2020,0.2253
52,20/11/2020,0.2253
53,19/11/2020,0.2243
54,18/11/2020,0.226
55,17/11/2020,0.2269
56,16/11/2020,0.2243
57,15/11/2020,0.2225
58,14/11/2020,0.2225
59,13/11/2020,0.2225
60,12/11/2020,0.2214
61,11/11/2020,0.2171
62,10/11/2020,0.2174
63,09/11/2020,0.22
64,06/11/2020,0.2205
65,05/11/2020,0.2208
66,04/11/2020,0.2128
67,03/11/2020,0.2107
68,02/11/2020,0.2098
69,30/10/2020,0.2094
70,28/10/2020,0.2127
71,27/10/2020,0.2131
72,26/10/2020,0.2099
73,25/10/2020,0.2088
74,24/10/2020,0.2088
75,23/10/2020,0.2088
76,22/10/2020,0.2081
77,21/10/2020,0.2076
78,20/10/2020,0.2093
79,19/10/2020,0.2081
80,18/10/2020,0.2058
81,17/10/2020,0.2058
82,16/10/2020,0.2058
83,15/10/2020,0.2057
84,14/10/2020,0.2061
85,13/10/2020,0.2044
86,12/10/2020,0.2048
87,11/10/2020,0.2053
88,10/10/2020,0.2053
89,09/10/2020,0.2053
90,08/10/2020,0.2036
91,07/10/2020,0.2027
92,06/10/2020,0.2021
93,05/10/2020,0.2037
94,04/10/2020,0.2023
95,03/10/2020,0.2023
96,02/10/2020,0.2023
97,01/10/2020,0.2027
98,30/09/2020,0.2017
99,29/09/2020,0.2024
0,28/09/2020,0.2019
1,27/09/2020,0.2006
2,26/09/2020,0.2006
3,25/09/2020,0.2006
4,24/09/2020,0.1991
5,23/09/2020,0.1985
6,22/09/2020,0.2002
7,21/09/2020,0.1995
8,18/09/2020,0.2005
9,17/09/2020,0.1986
10,15/09/2020,0.2
11,14/09/2020,0.1985
12,11/09/2020,0.1955
13,10/09/2020,0.1935
14,09/09/2020,0.1963
15,08/09/2020,0.1971
16,07/09/2020,0.1986
17,04/09/2020,0.2008
18,03/09/2020,0.2016
19,02/09/2020,0.2029
20,01/09/2020,0.2
21,28/08/2020,0.1999
22,27/08/2020,0.1995
23,26/08/2020,0.199
24,25/08/2020,0.1977
25,24/08/2020,0.1975
26,21/08/2020,0.198
27,19/08/2020,0.1968
28,18/08/2020,0.1975
29,17/08/2020,0.198
30,16/08/2020,0.1975
31,15/08/2020,0.1975
32,14/08/2020,0.1975
33,13/08/2020,0.1979
34,12/08/2020,0.1977
35,11/08/2020,0.1974
36,10/08/2020,0.1956
37,07/08/2020,0.1978
38,06/08/2020,0.2007
39,05/08/2020,0.1996
40,04/08/2020,0.1976
41,03/08/2020,0.1967
42,30/07/2020,0.1941
43,29/07/2020,0.1941
44,28/07/2020,0.1945
45,27/07/2020,0.1932
46,24/07/2020,0.1933
47,23/07/2020,0.1932
48,22/07/2020,0.1933
49,21/07/2020,0.1923
50,20/07/2020,0.1915
51,17/07/2020,0.1918
52,16/07/2020,0.1921
53,15/07/2020,0.1931
54,14/07/2020,0.1919
55,13/07/2020,0.1934
56,12/07/2020,0.1937
57,11/07/2020,0.1937
58,10/07/2020,0.1937
59,09/07/2020,0.1943
60,08/07/2020,0.1937
61,07/07/2020,0.1934
62,06/07/2020,0.1929
63,03/07/2020,0.1912
64,02/07/2020,0.1907
65,01/07/2020,0.1894
66,30/06/2020,0.1906
67,29/06/2020,0.1897
68,26/06/2020,0.1911
69,25/06/2020,0.1911
70,24/06/2020,0.1925
71,23/06/2020,0.1922
72,22/06/2020,0.1918
73,19/06/2020,0.192
74,18/06/2020,0.1924
75,17/06/2020,0.1929
76,16/06/2020,0.191
77,15/06/2020,0.1872
78,14/06/2020,0.1911
79,13/06/2020,0.1911
80,12/06/2020,0.1911
81,11/06/2020,0.1909
82,10/06/2020,0.195
83,09/06/2020,0.1929
84,08/06/2020,0.1906
85,07/06/2020,0.1906
86,06/06/2020,0.1906
87,05/06/2020,0.1906
88,04/06/2020,0.1905
89,03/06/2020,0.1911
90,02/06/2020,0.1905
91,01/06/2020,0.1885
92,31/05/2020,0.1903
93,29/05/2020,0.1903
94,28/05/2020,0.1875
95,27/05/2020,0.1878
96,26/05/2020,0.1869
97,22/05/2020,0.1869
98,21/05/2020,0.1901
99,20/05/2020,0.19
0,19/05/2020,0.19
1,18/05/2020,0.1879
2,17/05/2020,0.1872
3,16/05/2020,0.1872
4,15/05/2020,0.1872
5,14/05/2020,0.1861
6,13/05/2020,0.1872
7,12/05/2020,0.1871
8,08/05/2020,0.187
9,06/05/2020,0.1863
10,05/05/2020,0.1859
11,04/05/2020,0.184
12,30/04/2020,0.1852
13,29/04/2020,0.1834
14,28/04/2020,0.1808
15,27/04/2020,0.1812
16,24/04/2020,0.1809
17,23/04/2020,0.1808
18,22/04/2020,0.1816
19,21/04/2020,0.1811
20,20/04/2020,0.1848
21,19/04/2020,0.1838
22,18/04/2020,0.1838
23,17/04/2020,0.1838
24,16/04/2020,0.1809
25,15/04/2020,0.1794
26,14/04/2020,0.1767
27,13/04/2020,0.1746
28,10/04/2020,0.1753
29,09/04/2020,0.1763
30,08/04/2020,0.1741
31,07/04/2020,0.1746
32,06/04/2020,0.1712
33,03/04/2020,0.1692
34,02/04/2020,0.1695
35,01/04/2020,0.1682
36,31/03/2020,0.1687
37,30/03/2020,0.1664
38,27/03/2020,0.1676
39,26/03/2020,0.1652
40,25/03/2020,0.1636
41,24/03/2020,0.1607
42,23/03/2020,0.1589
43,22/03/2020,0.1632
44,20/03/2020,0.1632
45,19/03/2020,0.1588
46,18/03/2020,0.1657
47,17/03/2020,0.1678
48,16/03/2020,0.171
49,13/03/2020,0.1842
50,12/03/2020,0.1894
51,11/03/2020,0.1943
52,10/03/2020,0.1927
53,09/03/2020,0.1924
54,06/03/2020,0.2006
55,05/03/2020,0.2027
56,04/03/2020,0.2016
57,03/03/2020,0.2023
58,02/03/2020,0.2016
59,28/02/2020,0.2037
60,27/02/2020,0.2086
61,26/02/2020,0.2096
62,25/02/2020,0.2094
63,24/02/2020,0.2081
64,23/02/2020,0.2133
65,21/02/2020,0.2133
66,20/02/2020,0.2117
67,19/02/2020,0.21
68,18/02/2020,0.2104
69,17/02/2020,0.2109
70,14/02/2020,0.2116
71,13/02/2020,0.2114
72,12/02/2020,0.2105
73,11/02/2020,0.2089
74,07/02/2020,0.209
75,06/02/2020,0.2074
76,05/02/2020,0.2057
77,04/02/2020,0.2042
78,03/02/2020,0.2029
79,02/02/2020,0.2061
80,31/01/2020,0.2061
81,30/01/2020,0.2092
82,29/01/2020,0.2093
83,28/01/2020,0.2088
84,24/01/2020,0.2133
85,23/01/2020,0.2142
86,22/01/2020,0.214
87,21/01/2020,0.213
88,20/01/2020,0.213
89,19/01/2020,0.2124
90,17/01/2020,0.2124
91,16/01/2020,0.2122
92,15/01/2020,0.2121
93,14/01/2020,0.211
94,13/01/2020,0.2104
95,12/01/2020,0.2097
96,11/01/2020,0.2097
97,10/01/2020,0.2097
98,09/01/2020,0.209
99,08/01/2020,0.2083
0,07/01/2020,0.2103
1,06/01/2020,0.211
2,03/01/2020,0.2113
3,02/01/2020,0.2096
4,31/12/2019,0.2081
5,30/12/2019,0.2085
6,27/12/2019,0.2081
7,26/12/2019,0.2075
8,24/12/2019,0.2078
9,23/12/2019,0.208
10,20/12/2019,0.2085
11,19/12/2019,0.2081
12,18/12/2019,0.2093
13,17/12/2019,0.2075
14,16/12/2019,0.208
15,13/12/2019,0.2067
16,12/12/2019,0.207
17,11/12/2019,0.2057
18,10/12/2019,0.2058
19,09/12/2019,0.2054
20,06/12/2019,0.2064
21,05/12/2019,0.2063
22,04/12/2019,0.2061
23,03/12/2019,0.2067
24,02/12/2019,0.2074
25,29/11/2019,0.2069
26,28/11/2019,0.2076
27,27/11/2019,0.2074
28,26/11/2019,0.2083
29,25/11/2019,0.2072
30,22/11/2019,0.2068
31,21/11/2019,0.2074
32,20/11/2019,0.208
33,19/11/2019,0.2081
34,18/11/2019,0.2082
35,17/11/2019,0.2085
36,16/11/2019,0.2085
37,15/11/2019,0.2085
38,14/11/2019,0.2075
39,13/11/2019,0.2079
40,12/11/2019,0.2081
41,11/11/2019,0.208
42,08/11/2019,0.2083
43,07/11/2019,0.2081
44,06/11/2019,0.2082
45,05/11/2019,0.2085
46,04/11/2019,0.2089
47,01/11/2019,0.2084
48,31/10/2019,0.2078
49,30/10/2019,0.2072
50,29/10/2019,0.2073
51,25/10/2019,0.2072
52,24/10/2019,0.2077
53,23/10/2019,0.2078
54,22/10/2019,0.2068
55,21/10/2019,0.2056
57,19/10/2019,0.2048
58,18/10/2019,0.2048
59,17/10/2019,0.2056
60,16/10/2019,0.205
61,15/10/2019,0.2043
62,14/10/2019,0.2035
63,13/10/2019,0.2035
64,12/10/2019,0.2035
65,11/10/2019,0.2035
66,10/10/2019,0.2029
67,09/10/2019,0.2035
68,08/10/2019,0.2044
69,07/10/2019,0.2036
70,04/10/2019,0.2031
71,03/10/2019,0.2032
72,02/10/2019,0.2039
73,01/10/2019,0.2043
74,30/09/2019,0.2041
75,27/09/2019,0.2044
76,26/09/2019,0.2045
77,25/09/2019,0.2041
78,24/09/2019,0.2055
79,23/09/2019,0.206
80,20/09/2019,0.2069
81,19/09/2019,0.206
82,18/09/2019,0.2058
83,17/09/2019,0.2069
84,13/09/2019,0.2075
85,12/09/2019,0.2066
86,11/09/2019,0.2053
87,10/09/2019,0.2053
88,09/09/2019,0.205
89,08/09/2019,0.205
90,07/09/2019,0.205
91,06/09/2019,0.205
92,05/09/2019,0.2053
93,04/09/2019,0.2057
94,03/09/2019,0.2051
95,02/09/2019,0.2068
96,01/09/2019,0.2068
97,31/08/2019,0.2068
98,30/08/2019,0.2068
99,29/08/2019,0.2049
0,28/08/2019,0.2049
1,27/08/2019,0.2068
2,26/08/2019,0.2055
3,25/08/2019,0.2066
4,24/08/2019,0.2066
5,23/08/2019,0.2066
6,22/08/2019,0.2059
7,21/08/2019,0.2068
8,20/08/2019,0.2076
9,19/08/2019,0.2083
10,16/08/2019,0.2074
11,15/08/2019,0.2076
12,14/08/2019,0.2099
13,13/08/2019,0.2079
14,09/08/2019,0.2106
15,08/08/2019,0.2101
16,07/08/2019,0.2093
17,06/08/2019,0.2109
18,05/08/2019,0.2122
19,02/08/2019,0.2137
20,01/08/2019,0.2155
21,31/07/2019,0.2161
22,29/07/2019,0.2158
23,26/07/2019,0.216
24,25/07/2019,0.2157
25,24/07/2019,0.2167
26,23/07/2019,0.216
27,22/07/2019,0.2139
28,19/07/2019,0.2149
29,18/07/2019,0.2134
30,17/07/2019,0.2146
31,16/07/2019,0.2147
32,15/07/2019,0.2145
33,12/07/2019,0.2129
34,11/07/2019,0.212
35,10/07/2019,0.212
36,09/07/2019,0.2114
37,08/07/2019,0.2111
38,05/07/2019,0.2116
39,04/07/2019,0.2109
40,03/07/2019,0.2105
41,02/07/2019,0.2103
42,01/07/2019,0.2094
43,30/06/2019,0.2102
44,28/06/2019,0.2102
45,27/06/2019,0.2101
46,26/06/2019,0.2102
47,25/06/2019,0.2104
48,24/06/2019,0.2107
49,21/06/2019,0.2115
50,20/06/2019,0.2101
51,19/06/2019,0.2096
52,18/06/2019,0.2083
53,17/06/2019,0.2101
54,16/06/2019,0.2138
55,15/06/2019,0.2138
56,14/06/2019,0.2138
57,13/06/2019,0.2169
58,12/06/2019,0.2124
59,11/06/2019,0.2113
60,10/06/2019,0.21
61,09/06/2019,0.2078
62,08/06/2019,0.2078
63,07/06/2019,0.2078
64,06/06/2019,0.2061
65,05/06/2019,0.2061
66,04/06/2019,0.2061
67,03/06/2019,0.2035
68,02/06/2019,0.2014
69,01/06/2019,0.2014
70,31/05/2019,0.2014
71,30/05/2019,0.2003
72,29/05/2019,0.2018
73,28/05/2019,0.1992
74,27/05/2019,0.1972
75,26/05/2019,0.1979
76,25/05/2019,0.1979
77,24/05/2019,0.1979
78,23/05/2019,0.1983
79,22/05/2019,0.1992
80,21/05/2019,0.1992
81,20/05/2019,0.1999
82,19/05/2019,0.1999
83,18/05/2019,0.1999
84,17/05/2019,0.1999
85,16/05/2019,0.2002
86,15/05/2019,0.2005
87,14/05/2019,0.1977
88,13/05/2019,0.1958
89,12/05/2019,0.1992
90,11/05/2019,0.1992
91,10/05/2019,0.1992
92,09/05/2019,0.2001
93,08/05/2019,0.2006
94,07/05/2019,0.201
95,06/05/2019,0.2001
96,05/05/2019,0.203
97,04/05/2019,0.203
98,03/05/2019,0.2
99,02/05/2019,0.2041
0,30/04/2019,0.2047
1,29/04/2019,0.2051
2,28/04/2019,0.2057
3,27/04/2019,0.2057
4,26/04/2019,0.2057
5,25/04/2019,0.2058
6,24/04/2019,0.2051
7,23/04/2019,0.2041
8,22/04/2019,0.2041
9,21/04/2019,0.2026
10,20/04/2019,0.2026
11,19/04/2019,0.2026
12,18/04/2019,0.2014
13,17/04/2019,0.2019
14,16/04/2019,0.2028
15,15/04/2019,0.2025
16,14/04/2019,0.2023
17,13/04/2019,0.2023
18,12/04/2019,0.2023
19,11/04/2019,0.2023
20,10/04/2019,0.2034
21,09/04/2019,0.2025
22,08/04/2019,0.202
23,07/04/2019,0.2015
24,06/04/2019,0.2015
25,05/04/2019,0.2015
26,04/04/2019,0.202
27,03/04/2019,0.2015
28,02/04/2019,0.2
29,01/04/2019,0.1997
30,31/03/2019,0.2003
31,30/03/2019,0.2003
32,29/03/2019,0.2003
33,28/03/2019,0.2003
34,27/03/2019,0.2014
35,26/03/2019,0.2016
36,25/03/2019,0.2011
37,24/03/2019,0.2022
38,23/03/2019,0.2022
39,22/03/2019,0.2022
40,21/03/2019,0.2014
41,20/03/2019,0.2019
42,19/03/2019,0.203
43,18/03/2019,0.2026
44,17/03/2019,0.2025
45,16/03/2019,0.2025
46,15/03/2019,0.2025
47,14/03/2019,0.2015
48,13/03/2019,0.2012
49,12/03/2019,0.2017
50,11/03/2019,0.201
51,10/03/2019,0.2017
52,09/03/2019,0.2017
53,08/03/2019,0.2017
54,07/03/2019,0.2006
55,06/03/2019,0.2005
56,05/03/2019,0.2006
57,04/03/2019,0.2009
58,03/03/2019,0.2006
59,02/03/2019,0.2006
60,01/03/2019,0.2006
61,28/02/2019,0.2008
62,27/02/2019,0.201
63,26/02/2019,0.202
64,25/02/2019,0.203
65,24/02/2019,0.2029
66,23/02/2019,0.2029
67,22/02/2019,0.2029
68,21/02/2019,0.2039
69,20/02/2019,0.2031
70,19/02/2019,0.2016
71,18/02/2019,0.2002
72,17/02/2019,0.1991
73,16/02/2019,0.1991
74,15/02/2019,0.1991
75,14/02/2019,0.199
76,13/02/2019,0.1983
77,12/02/2019,0.1984
78,11/02/2019,0.1976
79,08/02/2019,0.198
80,07/02/2019,0.1981
81,06/02/2019,0.1969
82,05/02/2019,0.1969
83,04/02/2019,0.1969
84,03/02/2019,0.1959
85,02/02/2019,0.1959
86,01/02/2019,0.1959
87,31/01/2019,0.1959
88,30/01/2019,0.1957
89,29/01/2019,0.1961
90,28/01/2019,0.1966
91,27/01/2019,0.1969
92,26/01/2019,0.1969
93,25/01/2019,0.1969
94,24/01/2019,0.1961
95,23/01/2019,0.1964
96,22/01/2019,0.196
97,21/01/2019,0.197
98,20/01/2019,0.197
99,19/01/2019,0.197
0,18/01/2019,0.197
1,17/01/2019,0.195
2,16/01/2019,0.1941
3,15/01/2019,0.1947
4,14/01/2019,0.1936
5,13/01/2019,0.1937
6,12/01/2019,0.1937
7,11/01/2019,0.1937
8,10/01/2019,0.1922
9,09/01/2019,0.1925
10,08/01/2019,0.1899
11,07/01/2019,0.1886
12,06/01/2019,0.1876
13,05/01/2019,0.1876
14,04/01/2019,0.1876
15,03/01/2019,0.1874
16,02/01/2019,0.1867
17,01/01/2019,0.1867
18,31/12/2018,0.1867
19,30/12/2018,0.1884
20,29/12/2018,0.1884
21,28/12/2018,0.1884
22,27/12/2018,0.1883
23,26/12/2018,0.1875
24,25/12/2018,0.1877
25,24/12/2018,0.1877
26,23/12/2018,0.1869
27,22/12/2018,0.1869
28,21/12/2018,0.1869
29,20/12/2018,0.1869
30,19/12/2018,0.1862
31,18/12/2018,0.1853
32,17/12/2018,0.1875
33,16/12/2018,0.1894
34,15/12/2018,0.1894
35,14/12/2018,0.1894
36,13/12/2018,0.1897
37,12/12/2018,0.1894
38,11/12/2018,0.1901
39,10/12/2018,0.1903
40,09/12/2018,0.191
41,08/12/2018,0.191
42,07/12/2018,0.191
43,06/12/2018,0.1916
44,05/12/2018,0.192
45,04/12/2018,0.1929
46,03/12/2018,0.1935
47,02/12/2018,0.1916
48,01/12/2018,0.1916
49,30/11/2018,0.1916
50,29/11/2018,0.1943
51,28/11/2018,0.1951
52,27/11/2018,0.1955
53,26/11/2018,0.1978
54,25/11/2018,0.1974
55,24/11/2018,0.1974
56,23/11/2018,0.1974
57,22/11/2018,0.1981
58,21/11/2018,0.1992
59,20/11/2018,0.1994
60,19/11/2018,0.1994
61,18/11/2018,0.1995
62,17/11/2018,0.1995
63,16/11/2018,0.1995
64,15/11/2018,0.1978
65,14/11/2018,0.1961
66,13/11/2018,0.1964
67,12/11/2018,0.1964
68,11/11/2018,0.1962
69,10/11/2018,0.1962
70,09/11/2018,0.1962
71,08/11/2018,0.1969
72,07/11/2018,0.1966
73,06/11/2018,0.1967
74,05/11/2018,0.1967
75,04/11/2018,0.2009
76,03/11/2018,0.2009
77,02/11/2018,0.2009
78,01/11/2018,0.1984
79,31/10/2018,0.1979
80,30/10/2018,0.1962
81,29/10/2018,0.1962
82,28/10/2018,0.1967
83,27/10/2018,0.1967
84,26/10/2018,0.1967
85,25/10/2018,0.1966
86,24/10/2018,0.2002
87,23/10/2018,0.2013
88,22/10/2018,0.2027
89,21/10/2018,0.2027
90,20/10/2018,0.2027
91,19/10/2018,0.2027
92,18/10/2018,0.2031
93,17/10/2018,0.2032
94,16/10/2018,0.2023
95,15/10/2018,0.2019
96,14/10/2018,0.2022
97,13/10/2018,0.2022
98,12/10/2018,0.2022
99,11/10/2018,0.2015
0,10/10/2018,0.2052
1,09/10/2018,0.2087
2,08/10/2018,0.2093
3,07/10/2018,0.2107
4,06/10/2018,0.2107
5,05/10/2018,0.2107
6,04/10/2018,0.2119
7,03/10/2018,0.2129
8,02/10/2018,0.213
9,01/10/2018,0.2125
10,30/09/2018,0.2118
11,29/09/2018,0.2118
12,28/09/2018,0.2118
13,27/09/2018,0.212
14,26/09/2018,0.2119
15,25/09/2018,0.2114
16,24/09/2018,0.2127
17,23/09/2018,0.2133
18,22/09/2018,0.2133
19,21/09/2018,0.2133
20,20/09/2018,0.2116
21,19/09/2018,0.2109
22,18/09/2018,0.2109
23,17/09/2018,0.2116
24,16/09/2018,0.2116
25,15/09/2018,0.2116
26,14/09/2018,0.2116
27,13/09/2018,0.2097
28,12/09/2018,0.2084
29,11/09/2018,0.2103
30,10/09/2018,0.2103
31,09/09/2018,0.2103
32,08/09/2018,0.2103
33,07/09/2018,0.2103
34,06/09/2018,0.2106
35,05/09/2018,0.2103
36,04/09/2018,0.2118
37,03/09/2018,0.2121
38,02/09/2018,0.2139
39,01/09/2018,0.2139
40,31/08/2018,0.2139
41,30/08/2018,0.2139
42,29/08/2018,0.2138
43,28/08/2018,0.2144
44,27/08/2018,0.2123
45,26/08/2018,0.2121
46,25/08/2018,0.2121
47,24/08/2018,0.2121
48,23/08/2018,0.2134
49,21/08/2018,0.2131
50,20/08/2018,0.2132
51,17/08/2018,0.214
52,16/08/2018,0.2129
53,15/08/2018,0.2128
54,14/08/2018,0.2126
55,13/08/2018,0.2127
56,12/08/2018,0.2141
57,11/08/2018,0.2141
58,10/08/2018,0.2141
59,09/08/2018,0.214
60,08/08/2018,0.214
61,07/08/2018,0.212
62,06/08/2018,0.2117
63,05/08/2018,0.2124
64,04/08/2018,0.2124
65,03/08/2018,0.2124
66,02/08/2018,0.2106
67,01/08/2018,0.2117
68,31/07/2018,0.2105
69,30/07/2018,0.2106
70,29/07/2018,0.2102
71,28/07/2018,0.2102
72,27/07/2018,0.2102
73,26/07/2018,0.2108
74,25/07/2018,0.2118
75,24/07/2018,0.2107
76,23/07/2018,0.211
77,22/07/2018,0.2103
78,21/07/2018,0.2103
79,20/07/2018,0.2103
80,19/07/2018,0.2101
81,18/07/2018,0.2078
82,17/07/2018,0.206
83,16/07/2018,0.206
84,15/07/2018,0.2054
85,14/07/2018,0.2054
86,13/07/2018,0.2054
87,12/07/2018,0.2025
88,11/07/2018,0.2003
89,10/07/2018,0.2008
90,09/07/2018,0.2009
91,08/07/2018,0.1999
92,07/07/2018,0.1999
93,06/07/2018,0.1999
94,05/07/2018,0.2015
95,04/07/2018,0.2008
96,03/07/2018,0.2003
97,02/07/2018,0.2004
98,01/07/2018,0.2012
99,30/06/2018,0.2012
0,29/06/2018,0.2012
1,28/06/2018,0.2006
2,27/06/2018,0.2006
3,26/06/2018,0.2022
4,25/06/2018,0.2037
5,24/06/2018,0.2041
6,23/06/2018,0.2041
7,22/06/2018,0.2041
8,21/06/2018,0.2035
9,20/06/2018,0.2047
10,19/06/2018,0.2042
11,18/06/2018,0.2064
12,17/06/2018,0.2077
13,16/06/2018,0.2077
14,15/06/2018,0.2077
15,14/06/2018,0.2077
16,13/06/2018,0.2086
17,12/06/2018,0.2085
18,11/06/2018,0.2093
19,10/06/2018,0.2101
20,09/06/2018,0.2101
21,08/06/2018,0.2101
22,07/06/2018,0.21
23,06/06/2018,0.2097
24,05/06/2018,0.2066
25,04/06/2018,0.2057
26,03/06/2018,0.2051
27,02/06/2018,0.2051
28,01/06/2018,0.2051
29,31/05/2018,0.2048
30,30/05/2018,0.2043
31,29/05/2018,0.2103
32,28/05/2018,0.2103
33,27/05/2018,0.2122
34,26/05/2018,0.2122
35,25/05/2018,0.2122
36,24/05/2018,0.2083
37,23/05/2018,0.2087
38,22/05/2018,0.2127
39,21/05/2018,0.2123
40,20/05/2018,0.2108
41,19/05/2018,0.2108
42,18/05/2018,0.2108
43,17/05/2018,0.2116
44,16/05/2018,0.2113
45,15/05/2018,0.2097
46,14/05/2018,0.208
47,13/05/2018,0.2063
48,12/05/2018,0.2063
49,11/05/2018,0.2063
50,10/05/2018,0.2063
51,09/05/2018,0.2063
52,08/05/2018,0.2063
53,07/05/2018,0.2053
54,06/05/2018,0.207
55,05/05/2018,0.207
56,04/05/2018,0.207
57,03/05/2018,0.2081
58,02/05/2018,0.2083
59,01/05/2018,0.2092
60,30/04/2018,0.2092
61,29/04/2018,0.2095
62,28/04/2018,0.2095
63,27/04/2018,0.2095
64,26/04/2018,0.2072
65,25/04/2018,0.2056
66,24/04/2018,0.2088
67,23/04/2018,0.2094
68,22/04/2018,0.2111
69,21/04/2018,0.2111
70,20/04/2018,0.2111
71,19/04/2018,0.2115
72,18/04/2018,0.2105
73,17/04/2018,0.211
74,16/04/2018,0.2113
75,15/04/2018,0.2112
76,14/04/2018,0.2112
77,13/04/2018,0.2112
78,12/04/2018,0.2097
79,11/04/2018,0.2111
80,10/04/2018,0.2104
81,09/04/2018,0.2058
82,08/04/2018,0.2033
83,07/04/2018,0.2033
84,06/04/2018,0.2033
85,05/04/2018,0.2034
86,04/04/2018,0.199
87,03/04/2018,0.2059
88,02/04/2018,0.2091
89,01/04/2018,0.2091
90,31/03/2018,0.2091
91,30/03/2018,0.2091
92,29/03/2018,0.208
93,28/03/2018,0.2067
94,27/03/2018,0.2084
95,26/03/2018,0.2075
96,25/03/2018,0.2088
97,24/03/2018,0.2088
98,23/03/2018,0.2088
99,22/03/2018,0.2119
0,21/03/2018,0.2107
1,20/03/2018,0.2104
2,19/03/2018,0.2117
3,18/03/2018,0.2118
4,17/03/2018,0.2118
5,16/03/2018,0.2118
6,15/03/2018,0.212
7,14/03/2018,0.2118
8,13/03/2018,0.2114
9,12/03/2018,0.2117
10,11/03/2018,0.2104
11,10/03/2018,0.2104
12,09/03/2018,0.2104
13,08/03/2018,0.2095
14,07/03/2018,0.21
15,06/03/2018,0.2126
16,05/03/2018,0.2128
17,04/03/2018,0.2158
18,03/03/2018,0.2158
19,02/03/2018,0.2158
20,01/03/2018,0.2174
21,28/02/2018,0.2167
22,27/02/2018,0.2192
23,26/02/2018,0.2181
24,25/02/2018,0.219
25,24/02/2018,0.219
26,23/02/2018,0.219
27,22/02/2018,0.2186
28,21/02/2018,0.2197
29,20/02/2018,0.217
30,19/02/2018,0.2168
31,18/02/2018,0.2134
32,17/02/2018,0.2134
33,16/02/2018,0.2134
34,15/02/2018,0.2134
35,14/02/2018,0.2131
36,13/02/2018,0.2099
37,12/02/2018,0.2077
38,11/02/2018,0.2083
39,10/02/2018,0.2083
40,09/02/2018,0.2083
41,08/02/2018,0.2109
42,07/02/2018,0.2108
43,06/02/2018,0.2094
44,05/02/2018,0.2132
45,04/02/2018,0.2153
46,03/02/2018,0.2153
47,02/02/2018,0.2153
48,01/02/2018,0.2146
49,31/01/2018,0.2146
50,30/01/2018,0.2146
51,29/01/2018,0.2168
52,28/01/2018,0.217
53,27/01/2018,0.217
54,26/01/2018,0.217
55,25/01/2018,0.2177
56,24/01/2018,0.2173
57,23/01/2018,0.2169
58,22/01/2018,0.2148
59,21/01/2018,0.2155
60,20/01/2018,0.2155
61,19/01/2018,0.2155
62,18/01/2018,0.2146
63,17/01/2018,0.2166
64,16/01/2018,0.2169
65,15/01/2018,0.2181
66,14/01/2018,0.219
67,13/01/2018,0.219
68,12/01/2018,0.219
69,11/01/2018,0.2185
70,10/01/2018,0.2207
71,09/01/2018,0.2212
72,08/01/2018,0.2236
73,07/01/2018,0.2222
74,06/01/2018,0.2222
75,05/01/2018,0.2222
76,04/01/2018,0.2186
77,03/01/2018,0.2171
78,02/01/2018,0.2158
79,01/01/2018,0.2159
80,31/12/2017,0.2159
81,30/12/2017,0.2159
82,29/12/2017,0.2159
83,28/12/2017,0.2165
84,27/12/2017,0.2165
85,26/12/2017,0.2146
86,25/12/2017,0.2145
87,24/12/2017,0.2145
88,23/12/2017,0.2145
89,22/12/2017,0.2145
90,21/12/2017,0.2138
91,20/12/2017,0.2131
92,19/12/2017,0.2127
93,18/12/2017,0.2138
94,17/12/2017,0.2147
95,16/12/2017,0.2147
96,15/12/2017,0.2147
97,14/12/2017,0.2151
98,13/12/2017,0.2129
99,12/12/2017,0.2112
0,11/12/2017,0.2107
1,10/12/2017,0.2093
2,09/12/2017,0.2093
3,08/12/2017,0.2093
4,07/12/2017,0.209
5,06/12/2017,0.2092
6,05/12/2017,0.2092
7,04/12/2017,0.2095
8,03/12/2017,0.2109
9,02/12/2017,0.2109
10,01/12/2017,0.2109
11,30/11/2017,0.2109
12,29/11/2017,0.2118
13,28/11/2017,0.2111
14,27/11/2017,0.2126
15,26/11/2017,0.214
16,25/11/2017,0.214
17,24/11/2017,0.214
18,23/11/2017,0.2135
19,22/11/2017,0.2134
20,21/11/2017,0.2105
21,20/11/2017,0.212
22,19/11/2017,0.2132
23,18/11/2017,0.2132
24,17/11/2017,0.2132
25,16/11/2017,0.2139
26,15/11/2017,0.2154
27,14/11/2017,0.2172
28,13/11/2017,0.2177
29,12/11/2017,0.2164
30,11/11/2017,0.2164
31,10/11/2017,0.2164
32,09/11/2017,0.2165
33,08/11/2017,0.2163
34,07/11/2017,0.2167
35,06/11/2017,0.2158
36,05/11/2017,0.2138
37,04/11/2017,0.2138
38,03/11/2017,0.2138
39,02/11/2017,0.2136
40,01/11/2017,0.2144
41,31/10/2017,0.2145
42,30/10/2017,0.2149
43,29/10/2017,0.2137
44,28/10/2017,0.2137
45,27/10/2017,0.2137
46,26/10/2017,0.213
47,25/10/2017,0.2133
48,24/10/2017,0.2118
49,23/10/2017,0.2125
50,22/10/2017,0.2139
51,21/10/2017,0.2139
52,20/10/2017,0.2139
53,19/10/2017,0.2136
54,18/10/2017,0.2139
55,17/10/2017,0.2139
56,16/10/2017,0.2143
57,15/10/2017,0.2142
58,14/10/2017,0.2142
59,13/10/2017,0.2142
60,12/10/2017,0.2141
61,11/10/2017,0.2151
62,10/10/2017,0.2148
63,09/10/2017,0.2148
64,08/10/2017,0.2133
65,07/10/2017,0.2133
66,06/10/2017,0.2133
67,05/10/2017,0.2125
68,04/10/2017,0.2128
69,03/10/2017,0.2125
70,02/10/2017,0.211
71,01/10/2017,0.2117
72,30/09/2017,0.2117
73,29/09/2017,0.2117
74,28/09/2017,0.2136
75,27/09/2017,0.2145
76,26/09/2017,0.2124
77,25/09/2017,0.2142
78,24/09/2017,0.2164
79,23/09/2017,0.2164
80,22/09/2017,0.2164
81,21/09/2017,0.2164
82,20/09/2017,0.217
83,19/09/2017,0.2179
84,18/09/2017,0.2197
85,17/09/2017,0.2215
86,16/09/2017,0.2215
87,15/09/2017,0.2215
88,14/09/2017,0.2215
89,13/09/2017,0.2211
90,12/09/2017,0.2203
91,11/09/2017,0.221
92,10/09/2017,0.2206
93,09/09/2017,0.2206
94,08/09/2017,0.2206
95,07/09/2017,0.22
96,06/09/2017,0.2174
97,05/09/2017,0.2145
98,04/09/2017,0.2142
99,03/09/2017,0.2142
0,02/09/2017,0.2142
1,01/09/2017,0.2142
2,31/08/2017,0.2142
3,30/08/2017,0.2142
4,29/08/2017,0.2131
5,28/08/2017,0.2138
6,27/08/2017,0.2139
7,26/08/2017,0.2139
8,25/08/2017,0.2139
9,24/08/2017,0.216
10,23/08/2017,0.2148
11,22/08/2017,0.2147
12,21/08/2017,0.2136
13,20/08/2017,0.2142
14,19/08/2017,0.2142
15,18/08/2017,0.2142
16,17/08/2017,0.2143
17,16/08/2017,0.2135
18,15/08/2017,0.2128
19,14/08/2017,0.2129
20,13/08/2017,0.2103
21,12/08/2017,0.2103
22,11/08/2017,0.2103
23,10/08/2017,0.2123
24,09/08/2017,0.2134
25,08/08/2017,0.2132
26,07/08/2017,0.2144
27,06/08/2017,0.2136
28,05/08/2017,0.2136
29,04/08/2017,0.2136
30,03/08/2017,0.2138
31,02/08/2017,0.2141
32,01/08/2017,0.2139
33,31/07/2017,0.2141
34,30/07/2017,0.2142
35,29/07/2017,0.2142
36,28/07/2017,0.2142
37,27/07/2017,0.2151
38,26/07/2017,0.214
39,25/07/2017,0.2132
40,24/07/2017,0.2135
41,23/07/2017,0.2129
42,22/07/2017,0.2129
43,21/07/2017,0.2129
44,20/07/2017,0.2132
45,19/07/2017,0.2126
46,18/07/2017,0.2122
47,17/07/2017,0.2118
48,16/07/2017,0.2107
49,15/07/2017,0.2107
50,14/07/2017,0.2107
51,13/07/2017,0.2113
52,12/07/2017,0.2117
53,11/07/2017,0.2103
54,10/07/2017,0.2122
55,09/07/2017,0.2128
56,08/07/2017,0.2128
57,07/07/2017,0.2128
58,06/07/2017,0.2149
59,05/07/2017,0.2147
60,04/07/2017,0.2131
61,03/07/2017,0.2127
62,02/07/2017,0.2119
63,01/07/2017,0.2119
64,30/06/2017,0.2119
65,29/06/2017,0.2114
66,28/06/2017,0.2116
67,27/06/2017,0.2124
68,26/06/2017,0.2124
69,25/06/2017,0.2124
70,24/06/2017,0.2124
71,23/06/2017,0.2124
72,22/06/2017,0.2112
73,21/06/2017,0.2105
74,20/06/2017,0.2114
75,19/06/2017,0.2118
76,18/06/2017,0.2126
77,17/06/2017,0.2126
78,16/06/2017,0.2126
79,15/06/2017,0.213
80,14/06/2017,0.2141
81,13/06/2017,0.2126
82,12/06/2017,0.2139
83,11/06/2017,0.2139
84,10/06/2017,0.2139
85,09/06/2017,0.2139
86,08/06/2017,0.2137
87,07/06/2017,0.214
88,06/06/2017,0.2142
89,05/06/2017,0.2144
90,04/06/2017,0.2125
91,03/06/2017,0.2125
92,02/06/2017,0.2125
93,01/06/2017,0.2109
94,31/05/2017,0.2111
95,30/05/2017,0.21
96,29/05/2017,0.2121
97,28/05/2017,0.2133
98,27/05/2017,0.2133
99,26/05/2017,0.2133
0,25/05/2017,0.2143
1,24/05/2017,0.2132
2,23/05/2017,0.214
3,22/05/2017,0.2149
4,21/05/2017,0.2132
5,20/05/2017,0.2132
6,19/05/2017,0.2132
7,18/05/2017,0.2125
8,17/05/2017,0.2131
9,16/05/2017,0.2136
10,15/05/2017,0.2136
11,14/05/2017,0.2148
12,13/05/2017,0.2148
13,12/05/2017,0.2148
14,11/05/2017,0.2162
15,10/05/2017,0.2139
16,09/05/2017,0.2139
17,08/05/2017,0.2141
18,07/05/2017,0.2136
19,06/05/2017,0.2136
20,05/05/2017,0.2136
21,04/05/2017,0.212
22,03/05/2017,0.214
23,02/05/2017,0.2139
24,01/05/2017,0.2112
25,30/04/2017,0.2112
26,29/04/2017,0.2112
27,28/04/2017,0.2112
28,27/04/2017,0.2086
29,26/04/2017,0.2092
30,25/04/2017,0.2086
31,24/04/2017,0.2079
32,23/04/2017,0.2079
33,22/04/2017,0.2079
34,21/04/2017,0.2079
35,20/04/2017,0.2056
36,19/04/2017,0.2053
37,18/04/2017,0.2061
38,17/04/2017,0.2051
39,16/04/2017,0.2035
40,15/04/2017,0.2035
41,14/04/2017,0.2035
42,13/04/2017,0.2055
43,12/04/2017,0.2069
44,11/04/2017,0.2054
45,10/04/2017,0.2061
46,09/04/2017,0.2058
47,08/04/2017,0.2058
48,07/04/2017,0.2058
49,06/04/2017,0.2055
50,05/04/2017,0.2057
51,04/04/2017,0.2045
52,03/04/2017,0.2044
53,02/04/2017,0.2013
54,01/04/2017,0.2013
55,31/03/2017,0.2013
56,30/03/2017,0.2013
57,29/03/2017,0.2016
58,28/03/2017,0.2024
59,27/03/2017,0.2013
60,26/03/2017,0.2016
61,25/03/2017,0.2016
62,24/03/2017,0.2016
63,23/03/2017,0.2018
64,22/03/2017,0.1996
65,21/03/2017,0.2
66,20/03/2017,0.1991
67,19/03/2017,0.1978
68,18/03/2017,0.1978
69,17/03/2017,0.1978
70,16/03/2017,0.1978
71,15/03/2017,0.1974
72,14/03/2017,0.1968
73,13/03/2017,0.1962
74,12/03/2017,0.1962
75,11/03/2017,0.1962
76,10/03/2017,0.1962
77,09/03/2017,0.1964
78,08/03/2017,0.1971
79,07/03/2017,0.1969
80,06/03/2017,0.1975
81,05/03/2017,0.1958
82,04/03/2017,0.1958
83,03/03/2017,0.1958
84,02/03/2017,0.1959
85,01/03/2017,0.1944
86,28/02/2017,0.1935
87,27/02/2017,0.1941
88,26/02/2017,0.194
89,25/02/2017,0.194
90,24/02/2017,0.194
91,23/02/2017,0.1963
92,22/02/2017,0.1964
93,21/02/2017,0.1943
94,20/02/2017,0.1952
95,19/02/2017,0.1947
96,18/02/2017,0.1947
97,17/02/2017,0.1947
98,16/02/2017,0.195
99,15/02/2017,0.195
0,14/02/2017,0.1953
1,13/02/2017,0.195
2,12/02/2017,0.1948
3,11/02/2017,0.1948
4,10/02/2017,0.1948
5,09/02/2017,0.1943
6,08/02/2017,0.1943
7,07/02/2017,0.1942
8,06/02/2017,0.1942
9,05/02/2017,0.1934
10,04/02/2017,0.1934
11,03/02/2017,0.1934
12,02/02/2017,0.1931
13,01/02/2017,0.1925
14,31/01/2017,0.1925
15,30/01/2017,0.1927
16,29/01/2017,0.1927
17,28/01/2017,0.1927
18,27/01/2017,0.1927
19,26/01/2017,0.1924
20,25/01/2017,0.192
21,24/01/2017,0.1917
22,23/01/2017,0.191
23,22/01/2017,0.1902
24,21/01/2017,0.1902
25,20/01/2017,0.1902
26,19/01/2017,0.1902
27,18/01/2017,0.1905
28,17/01/2017,0.1908
29,16/01/2017,0.1904
30,15/01/2017,0.191
31,14/01/2017,0.191
32,13/01/2017,0.191
33,12/01/2017,0.1916
34,11/01/2017,0.1909
35,10/01/2017,0.1911
36,09/01/2017,0.1906
37,08/01/2017,0.1902
38,07/01/2017,0.1902
39,06/01/2017,0.1902
40,05/01/2017,0.1888
41,04/01/2017,0.1883
42,03/01/2017,0.1879
43,02/01/2017,0.1875
44,01/01/2017,0.1875
45,31/12/2016,0.1875
46,30/12/2016,0.1875
47,29/12/2016,0.1879
48,28/12/2016,0.187
49,27/12/2016,0.1866
50,26/12/2016,0.188
51,25/12/2016,0.188
52,24/12/2016,0.188
53,23/12/2016,0.188
54,22/12/2016,0.1887
55,21/12/2016,0.1895
56,20/12/2016,0.1896
57,19/12/2016,0.1897
58,18/12/2016,0.1895
59,17/12/2016,0.1895
60,16/12/2016,0.1895
61,15/12/2016,0.1902
62,14/12/2016,0.1904
63,13/12/2016,0.1909
64,12/12/2016,0.1914
65,11/12/2016,0.1914
66,10/12/2016,0.1914
67,09/12/2016,0.1914
68,08/12/2016,0.19
69,07/12/2016,0.1894
70,06/12/2016,0.1896
71,05/12/2016,0.1896
72,04/12/2016,0.1885
73,03/12/2016,0.1885
74,02/12/2016,0.1885
75,01/12/2016,0.188
76,30/11/2016,0.1881
77,29/11/2016,0.1893
78,28/11/2016,0.1906
79,27/11/2016,0.1911
80,26/11/2016,0.1911
81,25/11/2016,0.1911
82,24/11/2016,0.1903
83,23/11/2016,0.1909
84,22/11/2016,0.1938
85,21/11/2016,0.1948
86,20/11/2016,0.1929
87,19/11/2016,0.1929
88,18/11/2016,0.1929
89,17/11/2016,0.1928
90,16/11/2016,0.1944
91,15/11/2016,0.1935
92,14/11/2016,0.1929
93,13/11/2016,0.1943
94,12/11/2016,0.1943
95,11/11/2016,0.1943
96,10/11/2016,0.1959
97,09/11/2016,0.1954
98,08/11/2016,0.1971
99,07/11/2016,0.1967
0,06/11/2016,0.1969
1,05/11/2016,0.1969
2,04/11/2016,0.1969
3,03/11/2016,0.197
4,02/11/2016,0.1971
5,01/11/2016,0.1979
6,31/10/2016,0.1967
7,30/10/2016,0.1967
8,29/10/2016,0.1967
9,28/10/2016,0.1967
10,27/10/2016,0.1955
11,26/10/2016,0.1957
12,25/10/2016,0.1982
13,24/10/2016,0.1987
14,23/10/2016,0.1984
15,22/10/2016,0.1984
16,21/10/2016,0.1984
17,20/10/2016,0.1979
18,19/10/2016,0.1982
19,18/10/2016,0.1976
20,17/10/2016,0.1976
21,16/10/2016,0.198
22,15/10/2016,0.198
23,14/10/2016,0.198
24,13/10/2016,0.1976
25,12/10/2016,0.1975
26,11/10/2016,0.198
27,10/10/2016,0.1971
28,09/10/2016,0.1969
29,08/10/2016,0.1969
30,07/10/2016,0.1969
31,06/10/2016,0.1978
32,05/10/2016,0.198
33,04/10/2016,0.1979
34,03/10/2016,0.198
35,02/10/2016,0.198
36,01/10/2016,0.198
37,30/09/2016,0.198
38,29/09/2016,0.1986
39,28/09/2016,0.1977
40,27/09/2016,0.1973
41,26/09/2016,0.1978
42,25/09/2016,0.1982
43,24/09/2016,0.1982
44,23/09/2016,0.1982
45,22/09/2016,0.1987
46,21/09/2016,0.1962
47,20/09/2016,0.1966
48,19/09/2016,0.1964
49,18/09/2016,0.1963
50,17/09/2016,0.1963
51,16/09/2016,0.1963
52,15/09/2016,0.1963
53,14/09/2016,0.1967
54,13/09/2016,0.1976
55,12/09/2016,0.1987
56,11/09/2016,0.1987
57,10/09/2016,0.1987
58,09/09/2016,0.1987
59,08/09/2016,0.1983
60,07/09/2016,0.1991
61,06/09/2016,0.1991
62,05/09/2016,0.1987
63,04/09/2016,0.1986
64,03/09/2016,0.1986
65,02/09/2016,0.1986
66,01/09/2016,0.1984
67,31/08/2016,0.1995
68,30/08/2016,0.1995
69,29/08/2016,0.1984
70,28/08/2016,0.1982
71,27/08/2016,0.1982
72,26/08/2016,0.1982
73,25/08/2016,0.1976
74,24/08/2016,0.1979
75,23/08/2016,0.1986
76,22/08/2016,0.1993
77,21/08/2016,0.1997
78,20/08/2016,0.1997
79,19/08/2016,0.1997
80,18/08/2016,0.2007
81,17/08/2016,0.2016
82,16/08/2016,0.2021
83,15/08/2016,0.2008
84,14/08/2016,0.2
85,13/08/2016,0.2
86,12/08/2016,0.2
87,11/08/2016,0.1999
88,10/08/2016,0.1995
89,09/08/2016,0.1979
90,08/08/2016,0.1981
91,07/08/2016,0.1976
92,06/08/2016,0.1976
93,05/08/2016,0.1976
94,04/08/2016,0.1988
95,03/08/2016,0.1976
96,02/08/2016,0.1982
97,01/08/2016,0.1984
98,31/07/2016,0.1975
99,30/07/2016,0.1975
0,29/07/2016,0.1975
1,28/07/2016,0.1974
2,27/07/2016,0.198
3,26/07/2016,0.1972
4,25/07/2016,0.1978
5,24/07/2016,0.1971
6,23/07/2016,0.1971
7,22/07/2016,0.1971
8,21/07/2016,0.198
9,20/07/2016,0.1989
10,19/07/2016,0.1986
11,18/07/2016,0.198
12,17/07/2016,0.1982
13,16/07/2016,0.1982
14,15/07/2016,0.1982
15,14/07/2016,0.1974
16,13/07/2016,0.1978
17,12/07/2016,0.1967
18,11/07/2016,0.1963
19,10/07/2016,0.1962
20,09/07/2016,0.1962
21,08/07/2016,0.1962
22,07/07/2016,0.1971
23,06/07/2016,0.1971
24,05/07/2016,0.1971
25,04/07/2016,0.1972
26,03/07/2016,0.1968
27,02/07/2016,0.1968
28,01/07/2016,0.1968
29,30/06/2016,0.1963
30,29/06/2016,0.1956
31,28/06/2016,0.1942
32,27/06/2016,0.1933
33,26/06/2016,0.1935
34,25/06/2016,0.1935
35,24/06/2016,0.1935
36,23/06/2016,0.1947
37,22/06/2016,0.1942
38,21/06/2016,0.1942
39,20/06/2016,0.1947
40,19/06/2016,0.1948
41,18/06/2016,0.1948
42,17/06/2016,0.1948
43,16/06/2016,0.1947
44,15/06/2016,0.1963
45,14/06/2016,0.1959
46,13/06/2016,0.1965
47,12/06/2016,0.1981
48,11/06/2016,0.1981
49,10/06/2016,0.1981
50,09/06/2016,0.198
51,08/06/2016,0.198
52,07/06/2016,0.1987
53,06/06/2016,0.1981
54,05/06/2016,0.199
55,04/06/2016,0.199
56,03/06/2016,0.199
57,02/06/2016,0.1986
58,01/06/2016,0.1984
59,31/05/2016,0.1982
60,30/05/2016,0.1983
61,29/05/2016,0.1985
62,28/05/2016,0.1985
63,27/05/2016,0.1985
64,26/05/2016,0.1973
65,25/05/2016,0.1977
66,24/05/2016,0.1993
67,23/05/2016,0.1995
68,22/05/2016,0.1989
69,21/05/2016,0.1989
70,20/05/2016,0.1989
71,19/05/2016,0.1994
72,18/05/2016,0.1986
73,17/05/2016,0.1989
74,16/05/2016,0.1981
75,15/05/2016,0.1982
76,14/05/2016,0.1982
77,13/05/2016,0.1982
78,12/05/2016,0.1979
79,11/05/2016,0.1981
80,10/05/2016,0.1976
81,09/05/2016,0.1972
82,08/05/2016,0.1975
83,07/05/2016,0.1975
84,06/05/2016,0.1975
85,05/05/2016,0.1979
86,04/05/2016,0.1981
87,03/05/2016,0.1976
88,02/05/2016,0.1982
89,01/05/2016,0.1982
90,30/04/2016,0.1982
91,29/04/2016,0.1982
92,28/04/2016,0.199
93,27/04/2016,0.1994
94,26/04/2016,0.1996
95,25/04/2016,0.2006
96,24/04/2016,0.2012
97,23/04/2016,0.2012
98,22/04/2016,0.2012
99,21/04/2016,0.2023
0,20/04/2016,0.2016
1,19/04/2016,0.2007
2,18/04/2016,0.2009
3,17/04/2016,0.2011
4,16/04/2016,0.2011
5,15/04/2016,0.2011
6,14/04/2016,0.2008
7,13/04/2016,0.2009
8,12/04/2016,0.2008
9,11/04/2016,0.2007
10,10/04/2016,0.2015
11,09/04/2016,0.2015
12,08/04/2016,0.2015
13,07/04/2016,0.2017
14,06/04/2016,0.2015
15,05/04/2016,0.2013
16,04/04/2016,0.2018
17,03/04/2016,0.2009
18,02/04/2016,0.2009
19,01/04/2016,0.2009
20,31/03/2016,0.2013
21,30/03/2016,0.2014
22,29/03/2016,0.2014
23,28/03/2016,0.2003
24,27/03/2016,0.2002
25,26/03/2016,0.2002
26,25/03/2016,0.2002
27,24/03/2016,0.2009
28,23/03/2016,0.2017
29,22/03/2016,0.2014
30,21/03/2016,0.2014
31,20/03/2016,0.2024
32,19/03/2016,0.2024
33,18/03/2016,0.2024
34,17/03/2016,0.2014
35,16/03/2016,0.2012
36,15/03/2016,0.2016
37,14/03/2016,0.2013
38,13/03/2016,0.2011
39,12/03/2016,0.2011
40,11/03/2016,0.2011
41,10/03/2016,0.2012
42,09/03/2016,0.2017
43,08/03/2016,0.2011
44,07/03/2016,0.2019
45,06/03/2016,0.2044
46,05/03/2016,0.2044
47,04/03/2016,0.2044
48,03/03/2016,0.204
49,02/03/2016,0.2038
50,01/03/2016,0.2035
51,29/02/2016,0.2026
52,28/02/2016,0.203
53,27/02/2016,0.203
54,26/02/2016,0.203
55,25/02/2016,0.2025
56,24/02/2016,0.2035
57,23/02/2016,0.2042
58,22/02/2016,0.204
59,21/02/2016,0.2043
60,20/02/2016,0.2043
61,19/02/2016,0.2043
62,18/02/2016,0.2041
63,17/02/2016,0.2028
64,16/02/2016,0.2025
65,15/02/2016,0.2021
66,14/02/2016,0.2014
67,13/02/2016,0.2014
68,12/02/2016,0.2018
69,11/02/2016,0.2014
70,10/02/2016,0.2019
71,09/02/2016,0.2026
72,08/02/2016,0.2026
73,07/02/2016,0.2026
74,06/02/2016,0.2026
75,05/02/2016,0.2026
76,04/02/2016,0.2027
77,03/02/2016,0.2018
78,02/02/2016,0.2019
79,01/02/2016,0.2022
80,31/01/2016,0.2022
81,30/01/2016,0.2022
82,29/01/2016,0.2022
83,28/01/2016,0.2011
84,27/01/2016,0.2012
85,26/01/2016,0.201
86,25/01/2016,0.2018
87,24/01/2016,0.2018
88,23/01/2016,0.2018
89,22/01/2016,0.2018
90,21/01/2016,0.2017
91,20/01/2016,0.2034
92,19/01/2016,0.2037
93,18/01/2016,0.2033
94,17/01/2016,0.204
95,16/01/2016,0.204
96,15/01/2016,0.204
97,14/01/2016,0.2039
98,13/01/2016,0.2043
99,12/01/2016,0.2043
0,11/01/2016,0.2038
1,10/01/2016,0.2047
2,09/01/2016,0.2047
3,08/01/2016,0.2047
4,07/01/2016,0.2048
5,06/01/2016,0.205
6,05/01/2016,0.2049
7,04/01/2016,0.205
8,03/01/2016,0.2065
9,02/01/2016,0.2065
10,01/01/2016,0.2065
11,31/12/2015,0.2065
12,30/12/2015,0.2059
13,29/12/2015,0.2062
14,28/12/2015,0.2059
15,27/12/2015,0.2066
16,26/12/2015,0.2066
17,25/12/2015,0.2066
18,24/12/2015,0.2066
19,23/12/2015,0.2066
20,22/12/2015,0.2054
21,21/12/2015,0.2054
22,20/12/2015,0.2056
23,19/12/2015,0.2056
24,18/12/2015,0.2056
25,17/12/2015,0.2066
26,16/12/2015,0.2057
27,15/12/2015,0.2056
28,14/12/2015,0.2048
29,13/12/2015,0.2051
30,12/12/2015,0.2051
31,11/12/2015,0.2051
32,10/12/2015,0.2069
33,09/12/2015,0.2073
34,08/12/2015,0.208
35,07/12/2015,0.2078
36,06/12/2015,0.2069
37,05/12/2015,0.2069
38,04/12/2015,0.2069
39,03/12/2015,0.2066
40,02/12/2015,0.2073
41,01/12/2015,0.2077
42,30/11/2015,0.2066
43,29/11/2015,0.2081
44,28/11/2015,0.2081
45,27/11/2015,0.2081
46,26/11/2015,0.2085
47,25/11/2015,0.2081
48,24/11/2015,0.208
49,23/11/2015,0.2067
50,22/11/2015,0.2068
51,21/11/2015,0.2068
52,20/11/2015,0.2068
53,19/11/2015,0.2063
54,18/11/2015,0.2068
55,17/11/2015,0.2071
56,16/11/2015,0.2066
57,15/11/2015,0.2075
58,14/11/2015,0.2075
59,13/11/2015,0.2075
60,12/11/2015,0.2078
61,11/11/2015,0.2083
62,10/11/2015,0.2105
63,09/11/2015,0.2105
64,08/11/2015,0.2102
65,07/11/2015,0.2102
66,06/11/2015,0.2102
67,05/11/2015,0.2066
68,04/11/2015,0.2066
69,03/11/2015,0.2068
70,02/11/2015,0.2073
71,01/11/2015,0.2066
72,31/10/2015,0.2066
73,30/10/2015,0.2066
74,29/10/2015,0.2061
75,28/10/2015,0.2065
76,27/10/2015,0.2063
77,26/10/2015,0.207
78,25/10/2015,0.2064
79,24/10/2015,0.2064
80,23/10/2015,0.2064
81,22/10/2015,0.2065
82,21/10/2015,0.206
83,20/10/2015,0.2058
84,19/10/2015,0.206
85,18/10/2015,0.2064
86,17/10/2015,0.2064
87,16/10/2015,0.2064
88,15/10/2015,0.2068
89,14/10/2015,0.2066
90,13/10/2015,0.2066
91,12/10/2015,0.2065
92,11/10/2015,0.2059
93,10/10/2015,0.2059
94,09/10/2015,0.2059
95,08/10/2015,0.2057
96,07/10/2015,0.2066
97,06/10/2015,0.2059
98,05/10/2015,0.2054
99,04/10/2015,0.2041
0,03/10/2015,0.2041
1,02/10/2015,0.2041
2,01/10/2015,0.2041
3,30/09/2015,0.2034
4,29/09/2015,0.2029
5,28/09/2015,0.2032
6,27/09/2015,0.2027
7,26/09/2015,0.2027
8,25/09/2015,0.2027
9,24/09/2015,0.2022
10,23/09/2015,0.2022
11,22/09/2015,0.2035
12,21/09/2015,0.2038
13,20/09/2015,0.2051
14,19/09/2015,0.2051
15,18/09/2015,0.2051
16,17/09/2015,0.2048
17,16/09/2015,0.2035
18,15/09/2015,0.2035
19,14/09/2015,0.2033
20,13/09/2015,0.2019
21,12/09/2015,0.2019
22,11/09/2015,0.2019
23,10/09/2015,0.2015
24,09/09/2015,0.2011
25,08/09/2015,0.2005
26,07/09/2015,0.1997
27,06/09/2015,0.1997
28,05/09/2015,0.1997
29,04/09/2015,0.1997
30,03/09/2015,0.1999
31,02/09/2015,0.1999
32,01/09/2015,0.1997
33,31/08/2015,0.2005
34,30/08/2015,0.2005
35,29/08/2015,0.2005
36,28/08/2015,0.2005
37,27/08/2015,0.2002
38,26/08/2015,0.1997
39,25/08/2015,0.1994
40,24/08/2015,0.1979
41,23/08/2015,0.2002
42,22/08/2015,0.2002
43,21/08/2015,0.2002
44,20/08/2015,0.2003
45,19/08/2015,0.2009
46,18/08/2015,0.2
47,17/08/2015,0.1992
48,16/08/2015,0.2011
49,15/08/2015,0.2011
50,14/08/2015,0.2011
51,13/08/2015,0.202
52,12/08/2015,0.201
53,11/08/2015,0.204
54,10/08/2015,0.2042
55,09/08/2015,0.2076
56,08/08/2015,0.2076
57,07/08/2015,0.2076
58,06/08/2015,0.2089
59,05/08/2015,0.2107
60,04/08/2015,0.2095
61,03/08/2015,0.21
62,02/08/2015,0.2097
63,01/08/2015,0.2097
64,31/07/2015,0.2097
65,30/07/2015,0.2092
66,29/07/2015,0.2094
67,28/07/2015,0.2076
68,27/07/2015,0.2101
69,26/07/2015,0.2116
70,25/07/2015,0.2116
71,24/07/2015,0.2116
72,23/07/2015,0.2116
73,22/07/2015,0.211
74,21/07/2015,0.2113
75,20/07/2015,0.2098
76,19/07/2015,0.2108
77,18/07/2015,0.2108
78,17/07/2015,0.2108
79,16/07/2015,0.2108
80,15/07/2015,0.2111
81,14/07/2015,0.2102
82,13/07/2015,0.2094
83,12/07/2015,0.2089
84,11/07/2015,0.2089
85,10/07/2015,0.2089
86,09/07/2015,0.208
87,08/07/2015,0.2076
88,07/07/2015,0.2105
89,06/07/2015,0.2098
90,05/07/2015,0.2116
91,04/07/2015,0.2116
92,03/07/2015,0.2116
93,02/07/2015,0.2121
94,01/07/2015,0.2121
95,30/06/2015,0.2096
96,29/06/2015,0.2089
97,28/06/2015,0.2114
98,27/06/2015,0.2114
99,26/06/2015,0.2114
0,25/06/2015,0.2121
1,24/06/2015,0.2128
2,23/06/2015,0.2127
3,22/06/2015,0.2131
4,21/06/2015,0.2123
5,20/06/2015,0.2123
6,19/06/2015,0.2123
7,18/06/2015,0.2114
8,17/06/2015,0.2129
9,16/06/2015,0.2131
10,15/06/2015,0.2126
11,14/06/2015,0.2148
12,13/06/2015,0.2148
13,12/06/2015,0.2148
14,11/06/2015,0.2142
15,10/06/2015,0.2147
16,09/06/2015,0.2149
17,08/06/2015,0.2155
18,07/06/2015,0.216
19,06/06/2015,0.216
20,05/06/2015,0.216
21,04/06/2015,0.2169
22,03/06/2015,0.2172
23,02/06/2015,0.216
24,01/06/2015,0.2156
25,31/05/2015,0.2152
26,30/05/2015,0.2152
27,29/05/2015,0.2152
28,28/05/2015,0.2153
29,27/05/2015,0.2154
30,26/05/2015,0.2155
31,25/05/2015,0.2154
32,24/05/2015,0.2179
33,23/05/2015,0.2179
34,22/05/2015,0.2179
35,21/05/2015,0.2185
36,20/05/2015,0.2193
37,19/05/2015,0.2192
38,18/05/2015,0.2204
39,17/05/2015,0.2189
40,16/05/2015,0.2189
41,15/05/2015,0.2189
42,14/05/2015,0.2189
43,13/05/2015,0.2184
44,12/05/2015,0.2179
45,11/05/2015,0.2188
46,10/05/2015,0.2186
47,09/05/2015,0.2186
48,08/05/2015,0.2186
49,07/05/2015,0.2188
50,06/05/2015,0.2198
51,05/05/2015,0.2206
52,04/05/2015,0.2207
53,03/05/2015,0.2207
54,02/05/2015,0.2207
55,01/05/2015,0.2207
56,30/04/2015,0.2207
57,29/04/2015,0.2208
58,28/04/2015,0.2214
59,27/04/2015,0.2226
60,26/04/2015,0.2231
61,25/04/2015,0.2231
62,24/04/2015,0.2231
63,23/04/2015,0.2227
64,22/04/2015,0.2232
65,21/04/2015,0.2239
66,20/04/2015,0.2231
67,19/04/2015,0.2227
68,18/04/2015,0.2227
69,17/04/2015,0.2227
70,16/04/2015,0.2229
71,15/04/2015,0.223
72,14/04/2015,0.2219
73,13/04/2015,0.2216
74,12/04/2015,0.2215
75,11/04/2015,0.2215
76,10/04/2015,0.2215
77,09/04/2015,0.2214
78,08/04/2015,0.2216
79,07/04/2015,0.2215
80,06/04/2015,0.2215
81,05/04/2015,0.2214
82,04/04/2015,0.2214
83,03/04/2015,0.2214
84,02/04/2015,0.2214
85,01/04/2015,0.2215
86,31/03/2015,0.2213
87,30/03/2015,0.2212
88,29/03/2015,0.221
89,28/03/2015,0.221
90,27/03/2015,0.221
91,26/03/2015,0.2211
92,25/03/2015,0.2206
93,24/03/2015,0.2204
94,23/03/2015,0.2202
95,22/03/2015,0.2206
96,21/03/2015,0.2206
97,20/03/2015,0.2206
98,19/03/2015,0.22
99,18/03/2015,0.2198
0,17/03/2015,0.2205
1,16/03/2015,0.2193
2,15/03/2015,0.2198
3,14/03/2015,0.2198
4,13/03/2015,0.2198
5,12/03/2015,0.2202
6,11/03/2015,0.2201
7,10/03/2015,0.2211
8,09/03/2015,0.2218
9,08/03/2015,0.223
10,07/03/2015,0.223
11,06/03/2015,0.223
12,05/03/2015,0.223
13,04/03/2015,0.2248
14,03/03/2015,0.2241
15,02/03/2015,0.2258
16,01/03/2015,0.2285
17,28/02/2015,0.2285
18,27/02/2015,0.2285
19,26/02/2015,0.2283
20,25/02/2015,0.2263
21,24/02/2015,0.2276
22,23/02/2015,0.228
23,22/02/2015,0.2267
24,21/02/2015,0.2267
25,20/02/2015,0.2267
26,19/02/2015,0.2267
27,18/02/2015,0.2267
28,17/02/2015,0.2253
29,16/02/2015,0.2264
30,15/02/2015,0.228
31,14/02/2015,0.228
32,13/02/2015,0.228
33,12/02/2015,0.2277
34,11/02/2015,0.2292
35,10/02/2015,0.2315
36,09/02/2015,0.2312
37,08/02/2015,0.2305
38,07/02/2015,0.2305
39,06/02/2015,0.2305
40,05/02/2015,0.2287
41,04/02/2015,0.2278
42,03/02/2015,0.2278
43,02/02/2015,0.2278
44,01/02/2015,0.2278
45,31/01/2015,0.2278
46,30/01/2015,0.2278
47,29/01/2015,0.2281
48,28/01/2015,0.2295
49,27/01/2015,0.2274
50,26/01/2015,0.2274
51,25/01/2015,0.2285
52,24/01/2015,0.2285
53,23/01/2015,0.2285
54,22/01/2015,0.2261
55,21/01/2015,0.2244
56,20/01/2015,0.2243
57,19/01/2015,0.2253
58,18/01/2015,0.225
59,17/01/2015,0.225
60,16/01/2015,0.225
61,15/01/2015,0.2258
62,14/01/2015,0.2264
63,13/01/2015,0.2249
64,12/01/2015,0.2227
65,11/01/2015,0.2216
66,10/01/2015,0.2216
67,09/01/2015,0.2216
68,08/01/2015,0.2206
69,07/01/2015,0.2186
70,06/01/2015,0.2161
71,05/01/2015,0.2191
72,04/01/2015,0.2221
73,03/01/2015,0.2221
74,02/01/2015,0.2221
75,01/01/2015,0.2222
76,31/12/2014,0.2222
77,30/12/2014,0.2223
78,29/12/2014,0.2242
79,28/12/2014,0.2214
80,27/12/2014,0.2214
81,26/12/2014,0.2214
82,25/12/2014,0.22
83,24/12/2014,0.22
84,23/12/2014,0.2192
85,22/12/2014,0.2216
86,21/12/2014,0.2173
87,20/12/2014,0.2173
88,19/12/2014,0.2173
89,18/12/2014,0.2154
90,17/12/2014,0.2121
91,16/12/2014,0.2093
92,15/12/2014,0.21
93,14/12/2014,0.2174
94,13/12/2014,0.2174
95,12/12/2014,0.2174
96,11/12/2014,0.2223
97,10/12/2014,0.2252
98,09/12/2014,0.2236
99,08/12/2014,0.2267
0,07/12/2014,0.226
1,06/12/2014,0.226
2,05/12/2014,0.226
3,04/12/2014,0.2243
4,03/12/2014,0.2262
5,02/12/2014,0.2294
6,01/12/2014,0.2286
7,30/11/2014,0.2376
8,29/11/2014,0.2376
9,28/11/2014,0.2376
10,27/11/2014,0.2407
11,26/11/2014,0.2449
12,25/11/2014,0.245
13,24/11/2014,0.2426
14,23/11/2014,0.2392
15,22/11/2014,0.2392
16,21/11/2014,0.2392
17,20/11/2014,0.2392
18,19/11/2014,0.2401
19,18/11/2014,0.2402
20,17/11/2014,0.239
21,16/11/2014,0.2395
22,15/11/2014,0.2395
23,14/11/2014,0.2395
24,13/11/2014,0.2407
25,12/11/2014,0.2414
26,11/11/2014,0.242
27,10/11/2014,0.244
28,09/11/2014,0.2446
29,08/11/2014,0.2446
30,07/11/2014,0.2446
31,06/11/2014,0.244
32,05/11/2014,0.2457
33,04/11/2014,0.2482
34,03/11/2014,0.2512
35,02/11/2014,0.2506
36,01/11/2014,0.2506
37,31/10/2014,0.2506
38,30/10/2014,0.2504
39,29/10/2014,0.2498
40,28/10/2014,0.2488
41,27/10/2014,0.2503
42,26/10/2014,0.2497
43,25/10/2014,0.2497
44,24/10/2014,0.2497
45,23/10/2014,0.2477
46,22/10/2014,0.2435
47,21/10/2014,0.2435
48,20/10/2014,0.2447
49,19/10/2014,0.2409
50,18/10/2014,0.2409
51,17/10/2014,0.2409
52,16/10/2014,0.2344
53,15/10/2014,0.2422
54,14/10/2014,0.2446
55,13/10/2014,0.2465
56,12/10/2014,0.2509
57,11/10/2014,0.2509
58,10/10/2014,0.2509
59,09/10/2014,0.2533
60,08/10/2014,0.2528
61,07/10/2014,0.2582
62,06/10/2014,0.2613
63,05/10/2014,0.2613
64,04/10/2014,0.2613
65,03/10/2014,0.2613
66,02/10/2014,0.2613
67,01/10/2014,0.2652
68,30/09/2014,0.2653
69,29/09/2014,0.2656
70,28/09/2014,0.2645
71,27/09/2014,0.2645
72,26/09/2014,0.2645
73,25/09/2014,0.2633
74,24/09/2014,0.2647
75,23/09/2014,0.2648
76,22/09/2014,0.2658
77,21/09/2014,0.2669
78,20/09/2014,0.2669
79,19/09/2014,0.2669
80,18/09/2014,0.2648
81,17/09/2014,0.2671
82,16/09/2014,0.2689
83,15/09/2014,0.2689
84,14/09/2014,0.2692
85,13/09/2014,0.2692
86,12/09/2014,0.2692
87,11/09/2014,0.2694
88,10/09/2014,0.2705
89,09/09/2014,0.2707
90,08/09/2014,0.2694
91,07/09/2014,0.2678
92,06/09/2014,0.2678
93,05/09/2014,0.2678
94,04/09/2014,0.2649
95,03/09/2014,0.2661
96,02/09/2014,0.2663
97,01/09/2014,0.2692
98,31/08/2014,0.2692
99,30/08/2014,0.2692
0,29/08/2014,0.2692
1,28/08/2014,0.269
2,27/08/2014,0.2696
3,26/08/2014,0.2697
4,25/08/2014,0.2699
5,24/08/2014,0.2708
6,23/08/2014,0.2708
7,22/08/2014,0.2708
8,21/08/2014,0.2697
9,20/08/2014,0.2686
10,19/08/2014,0.2707
11,18/08/2014,0.2713
12,17/08/2014,0.2705
13,16/08/2014,0.2705
14,15/08/2014,0.2705
15,14/08/2014,0.2697
16,13/08/2014,0.2691
17,12/08/2014,0.2688
18,11/08/2014,0.2694
19,10/08/2014,0.2684
20,09/08/2014,0.2684
21,08/08/2014,0.2684
22,07/08/2014,0.2704
23,06/08/2014,0.2706
24,05/08/2014,0.2714
25,04/08/2014,0.2695
26,03/08/2014,0.2692
27,02/08/2014,0.2692
28,01/08/2014,0.2692
29,31/07/2014,0.2706
30,30/07/2014,0.2709
31,29/07/2014,0.2712
32,28/07/2014,0.2712
33,27/07/2014,0.2712
34,26/07/2014,0.2712
35,25/07/2014,0.2712
36,24/07/2014,0.2706
37,23/07/2014,0.2704
38,22/07/2014,0.272
39,21/07/2014,0.2703
40,20/07/2014,0.2714
41,19/07/2014,0.2714
42,18/07/2014,0.2714
43,17/07/2014,0.2725
44,16/07/2014,0.2756
45,15/07/2014,0.2744
46,14/07/2014,0.2744
47,13/07/2014,0.2753
48,12/07/2014,0.2753
49,11/07/2014,0.2753
50,10/07/2014,0.2775
51,09/07/2014,0.2763
52,08/07/2014,0.2741
53,07/07/2014,0.2744
54,06/07/2014,0.2725
55,05/07/2014,0.2725
56,04/07/2014,0.2725
57,03/07/2014,0.2708
58,02/07/2014,0.2701
59,01/07/2014,0.2694
60,30/06/2014,0.2687
61,29/06/2014,0.2681
62,28/06/2014,0.2681
63,27/06/2014,0.2681
64,26/06/2014,0.2686
65,25/06/2014,0.2687
66,24/06/2014,0.2704
67,23/06/2014,0.2701
68,22/06/2014,0.2705
69,21/06/2014,0.2705
70,20/06/2014,0.2705
71,19/06/2014,0.2703
72,18/06/2014,0.2693
73,17/06/2014,0.2702
74,16/06/2014,0.2704
75,15/06/2014,0.2834
76,14/06/2014,0.2707
77,13/06/2014,0.2834
78,12/06/2014,0.2815
79,11/06/2014,0.2821
80,10/06/2014,0.2809
81,09/06/2014,0.2814
82,08/06/2014,0.2825
83,07/06/2014,0.2825
84,06/06/2014,0.2825
85,05/06/2014,0.2817
86,04/06/2014,0.2821
87,03/06/2014,0.2817
88,02/06/2014,0.2807
89,01/06/2014,0.2784
90,31/05/2014,0.2784
91,30/05/2014,0.2784
92,29/05/2014,0.2787
93,28/05/2014,0.2776
94,27/05/2014,0.2788
95,26/05/2014,0.2787
96,25/05/2014,0.2799
97,24/05/2014,0.2799
98,23/05/2014,0.2799
99,22/05/2014,0.28
0,21/05/2014,0.2803
1,20/05/2014,0.2812
2,19/05/2014,0.2825
3,18/05/2014,0.2823
4,17/05/2014,0.2823
5,16/05/2014,0.2823
6,15/05/2014,0.2827
7,14/05/2014,0.2843
8,13/05/2014,0.2815
9,12/05/2014,0.2815
10,11/05/2014,0.2802
11,10/05/2014,0.2802
12,09/05/2014,0.2802
13,08/05/2014,0.2804
14,07/05/2014,0.2798
15,06/05/2014,0.2783
16,05/05/2014,0.2788
17,04/05/2014,0.2791
18,03/05/2014,0.2791
19,02/05/2014,0.2791
20,01/05/2014,0.2788
21,30/04/2014,0.2788
22,29/04/2014,0.2785
23,28/04/2014,0.2802
24,27/04/2014,0.2815
25,26/04/2014,0.2815
26,25/04/2014,0.2815
27,24/04/2014,0.2815
28,23/04/2014,0.2813
29,22/04/2014,0.2831
30,21/04/2014,0.2787
31,20/04/2014,0.2782
32,19/04/2014,0.2782
33,18/04/2014,0.2782
34,17/04/2014,0.2775
35,16/04/2014,0.2789
36,15/04/2014,0.2796
37,14/04/2014,0.28
38,13/04/2014,0.2803
39,12/04/2014,0.2803
40,11/04/2014,0.2803
41,10/04/2014,0.2807
42,09/04/2014,0.2828
43,08/04/2014,0.2779
44,07/04/2014,0.2777
45,06/04/2014,0.2805
46,05/04/2014,0.2805
47,04/04/2014,0.2805
48,03/04/2014,0.2804
49,02/04/2014,0.2802
50,01/04/2014,0.2793
51,31/03/2014,0.2775
52,30/03/2014,0.2769
53,29/03/2014,0.2769
54,28/03/2014,0.2769
55,27/03/2014,0.277
56,26/03/2014,0.2771
57,25/03/2014,0.2759
58,24/03/2014,0.2755
59,23/03/2014,0.2753
60,22/03/2014,0.2753
61,21/03/2014,0.2753
62,20/03/2014,0.2749
63,19/03/2014,0.2748
64,18/03/2014,0.2746
65,17/03/2014,0.2745
66,16/03/2014,0.2736
67,15/03/2014,0.2736
68,14/03/2014,0.2736
69,13/03/2014,0.2751
70,12/03/2014,0.276
71,11/03/2014,0.2773
72,10/03/2014,0.2772
73,09/03/2014,0.2794
74,08/03/2014,0.2794
75,07/03/2014,0.2794
76,06/03/2014,0.2787
77,05/03/2014,0.2771
78,04/03/2014,0.2774
79,03/03/2014,0.2757
80,02/03/2014,0.2768
81,01/03/2014,0.2768
82,28/02/2014,0.2768
83,27/02/2014,0.2773
84,26/02/2014,0.2789
85,25/02/2014,0.2811
86,24/02/2014,0.2833
87,23/02/2014,0.2828
88,22/02/2014,0.2828
89,21/02/2014,0.2828
90,20/02/2014,0.2833
91,19/02/2014,0.2856
92,18/02/2014,0.2849
93,17/02/2014,0.2855
94,16/02/2014,0.286
95,15/02/2014,0.286
96,14/02/2014,0.286
97,13/02/2014,0.2844
98,12/02/2014,0.2867
99,11/02/2014,0.2851
0,10/02/2014,0.2876
1,09/02/2014,0.2859
2,08/02/2014,0.2859
3,07/02/2014,0.2859
4,06/02/2014,0.2818
5,05/02/2014,0.2799
6,04/02/2014,0.2806
7,03/02/2014,0.2815
8,02/02/2014,0.2815
9,01/02/2014,0.2815
10,31/01/2014,0.2815
11,30/01/2014,0.2815
12,29/01/2014,0.2822
13,28/01/2014,0.277
14,27/01/2014,0.2763
15,26/01/2014,0.2843
16,25/01/2014,0.2843
17,24/01/2014,0.2843
18,23/01/2014,0.2865
19,22/01/2014,0.2846
20,21/01/2014,0.2856
21,20/01/2014,0.285
22,19/01/2014,0.2877
23,18/01/2014,0.2877
24,17/01/2014,0.2877
25,16/01/2014,0.2877
26,15/01/2014,0.2895
27,14/01/2014,0.2938
28,13/01/2014,0.2938
29,12/01/2014,0.295
30,11/01/2014,0.295
31,10/01/2014,0.295
32,09/01/2014,0.2945
33,08/01/2014,0.2928
34,07/01/2014,0.2934
35,06/01/2014,0.2921
36,05/01/2014,0.29
37,04/01/2014,0.29
38,03/01/2014,0.29
39,02/01/2014,0.2937
40,01/01/2014,0.2955
41,31/12/2013,0.2955
42,30/12/2013,0.2977
43,29/12/2013,0.2963
44,28/12/2013,0.2963
45,27/12/2013,0.2963
46,26/12/2013,0.2939
47,25/12/2013,0.2928
48,24/12/2013,0.2928
49,23/12/2013,0.2928
50,22/12/2013,0.2918
51,21/12/2013,0.2918
52,20/12/2013,0.2918
53,19/12/2013,0.2951
54,18/12/2013,0.294
55,17/12/2013,0.2939
56,16/12/2013,0.2927
57,15/12/2013,0.2936
58,14/12/2013,0.2936
59,13/12/2013,0.2936
60,12/12/2013,0.2913
61,11/12/2013,0.2913
62,10/12/2013,0.2916
63,09/12/2013,0.2911
64,08/12/2013,0.2901
65,07/12/2013,0.2901
66,06/12/2013,0.2901
67,05/12/2013,0.2899
68,04/12/2013,0.2899
69,03/12/2013,0.29
70,02/12/2013,0.291
71,01/12/2013,0.2913
72,30/11/2013,0.2913
73,29/11/2013,0.2913
74,28/11/2013,0.2913
75,27/11/2013,0.2912
76,26/11/2013,0.2904
77,25/11/2013,0.2925
78,24/11/2013,0.2948
79,23/11/2013,0.2948
80,22/11/2013,0.2948
81,21/11/2013,0.2928
82,20/11/2013,0.2941
83,19/11/2013,0.2968
84,18/11/2013,0.2947
85,17/11/2013,0.2949
86,16/11/2013,0.2949
87,15/11/2013,0.2949
88,14/11/2013,0.2947
89,13/11/2013,0.2946
90,12/11/2013,0.2958
91,11/11/2013,0.2977
92,10/11/2013,0.2972
93,09/11/2013,0.2973
94,08/11/2013,0.2973
95,07/11/2013,0.296
96,06/11/2013,0.293
97,05/11/2013,0.2938
98,04/11/2013,0.2938
99,03/11/2013,0.2936
0,02/11/2013,0.2936
1,01/11/2013,0.2936
2,31/10/2013,0.2916
3,30/10/2013,0.2931
4,29/10/2013,0.293
5,28/10/2013,0.2936
6,27/10/2013,0.2932
7,26/10/2013,0.2932
8,25/10/2013,0.2932
9,24/10/2013,0.2945
10,23/10/2013,0.2948
11,22/10/2013,0.2938
12,21/10/2013,0.2951
13,20/10/2013,0.2925
14,19/10/2013,0.2925
15,18/10/2013,0.2925
16,17/10/2013,0.2909
17,16/10/2013,0.2893
18,15/10/2013,0.2882
19,14/10/2013,0.2882
20,13/10/2013,0.2881
21,12/10/2013,0.2881
22,11/10/2013,0.2881
23,10/10/2013,0.2856
24,09/10/2013,0.2844
25,08/10/2013,0.2858
26,07/10/2013,0.2855
27,06/10/2013,0.286
28,05/10/2013,0.286
29,04/10/2013,0.286
30,03/10/2013,0.2857
31,02/10/2013,0.2853
32,01/10/2013,0.2863
33,30/09/2013,0.2853
34,29/09/2013,0.2853
35,28/09/2013,0.2853
36,27/09/2013,0.2853
37,26/09/2013,0.2845
38,25/09/2013,0.2863
39,24/09/2013,0.2869
40,23/09/2013,0.2874
41,22/09/2013,0.2887
42,21/09/2013,0.2887
43,20/09/2013,0.2887
44,19/09/2013,0.2889
45,18/09/2013,0.2852
46,17/09/2013,0.2861
47,16/09/2013,0.2854
48,15/09/2013,0.2854
49,14/09/2013,0.2854
50,13/09/2013,0.2854
51,12/09/2013,0.2869
52,11/09/2013,0.2864
53,10/09/2013,0.288
54,09/09/2013,0.2858
55,08/09/2013,0.2834
56,07/09/2013,0.2834
57,06/09/2013,0.2834
58,05/09/2013,0.2835
59,04/09/2013,0.2826
60,03/09/2013,0.2835
61,02/09/2013,0.2821
62,01/09/2013,0.2853
63,31/08/2013,0.2853
64,30/08/2013,0.2853
65,29/08/2013,0.2836
66,28/08/2013,0.2808
67,27/08/2013,0.2804
68,26/08/2013,0.2848
69,25/08/2013,0.2867
70,24/08/2013,0.2867
71,23/08/2013,0.2867
72,22/08/2013,0.2865
73,21/08/2013,0.2894
74,20/08/2013,0.2893
75,19/08/2013,0.2925
76,18/08/2013,0.294
77,17/08/2013,0.294
78,16/08/2013,0.294
79,15/08/2013,0.2938
80,14/08/2013,0.2938
81,13/08/2013,0.2941
82,12/08/2013,0.2919
83,11/08/2013,0.293
84,10/08/2013,0.293
85,09/08/2013,0.293
86,08/08/2013,0.293
87,07/08/2013,0.293
88,06/08/2013,0.2946
89,05/08/2013,0.2948
90,04/08/2013,0.2966
91,03/08/2013,0.2966
92,02/08/2013,0.2966
93,01/08/2013,0.294
94,31/07/2013,0.2928
95,30/07/2013,0.2978
96,29/07/2013,0.2969
97,28/07/2013,0.2977
98,27/07/2013,0.2977
99,26/07/2013,0.2977
0,25/07/2013,0.2975
1,24/07/2013,0.2986
2,23/07/2013,0.2986
3,22/07/2013,0.2986
4,21/07/2013,0.2978
5,20/07/2013,0.2978
6,19/07/2013,0.2978
7,18/07/2013,0.2998
8,17/07/2013,0.2998
9,16/07/2013,0.2994
10,15/07/2013,0.2996
11,14/07/2013,0.3111
12,13/07/2013,0.2983
13,12/07/2013,0.3111
14,11/07/2013,0.3107
15,10/07/2013,0.3098
16,09/07/2013,0.309
17,08/07/2013,0.309
18,07/07/2013,0.3104
19,06/07/2013,0.3104
20,05/07/2013,0.3104
21,04/07/2013,0.3105
22,03/07/2013,0.31
23,02/07/2013,0.3126
24,01/07/2013,0.3113
25,30/06/2013,0.3129
26,29/06/2013,0.3129
27,28/06/2013,0.3129
28,27/06/2013,0.3086
29,26/06/2013,0.3059
30,25/06/2013,0.3035
31,24/06/2013,0.3074
32,23/06/2013,0.3133
33,22/06/2013,0.3133
34,21/06/2013,0.3133
35,20/06/2013,0.3157
36,19/06/2013,0.318
37,18/06/2013,0.3177
38,17/06/2013,0.3171
39,16/06/2013,0.3141
40,15/06/2013,0.3141
41,14/06/2013,0.3141
42,13/06/2013,0.3126
43,12/06/2013,0.3165
44,11/06/2013,0.3187
45,10/06/2013,0.3196
46,09/06/2013,0.3172
47,08/06/2013,0.3172
48,07/06/2013,0.3172
49,06/06/2013,0.3165
50,05/06/2013,0.3188
51,04/06/2013,0.3192
52,03/06/2013,0.3179
53,02/06/2013,0.3209
54,01/06/2013,0.3209
55,31/05/2013,0.3209
56,30/05/2013,0.3193
57,29/05/2013,0.3208
58,28/05/2013,0.3201
59,27/05/2013,0.3173
60,26/05/2013,0.3157
61,25/05/2013,0.3157
62,24/05/2013,0.3157
63,23/05/2013,0.3157
64,22/05/2013,0.3202
65,21/05/2013,0.3205
66,20/05/2013,0.3191
67,19/05/2013,0.3155
68,18/05/2013,0.3155
69,17/05/2013,0.3155
70,16/05/2013,0.313
71,15/05/2013,0.3156
72,14/05/2013,0.315
73,13/05/2013,0.3168
74,12/05/2013,0.314
75,11/05/2013,0.314
76,10/05/2013,0.314
77,09/05/2013,0.3131
78,08/05/2013,0.3102
79,07/05/2013,0.3094
80,06/05/2013,0.3072
81,05/05/2013,0.3014
82,04/05/2013,0.3014
83,03/05/2013,0.3014
84,02/05/2013,0.3018
85,01/05/2013,0.3037
86,30/04/2013,0.3037
87,29/04/2013,0.303
88,28/04/2013,0.3021
89,27/04/2013,0.3021
90,26/04/2013,0.3021
91,25/04/2013,0.303
92,24/04/2013,0.3033
93,23/04/2013,0.3045
94,22/04/2013,0.3047
95,21/04/2013,0.3064
96,20/04/2013,0.3064
97,19/04/2013,0.3064
98,18/04/2013,0.3074
99,17/04/2013,0.3079
0,16/04/2013,0.3055
1,15/04/2013,0.3047
2,14/04/2013,0.3067
3,13/04/2013,0.3067
4,12/04/2013,0.3067
5,11/04/2013,0.3082
6,10/04/2013,0.3082
7,09/04/2013,0.3071
8,08/04/2013,0.3083
9,07/04/2013,0.3064
10,06/04/2013,0.3064
11,05/04/2013,0.3064
12,04/04/2013,0.3032
13,03/04/2013,0.3015
14,02/04/2013,0.303
15,01/04/2013,0.3007
16,31/03/2013,0.3012
17,30/03/2013,0.3012
18,29/03/2013,0.3012
19,28/03/2013,0.3017
20,27/03/2013,0.3023
21,26/03/2013,0.3005
22,25/03/2013,0.3
23,24/03/2013,0.2984
24,23/03/2013,0.2984
25,22/03/2013,0.2984
26,21/03/2013,0.299
27,20/03/2013,0.2968
28,19/03/2013,0.295
29,18/03/2013,0.2944
30,17/03/2013,0.298
31,16/03/2013,0.298
32,15/03/2013,0.298
33,14/03/2013,0.2979
34,13/03/2013,0.2976
35,12/03/2013,0.2996
36,11/03/2013,0.2991
37,10/03/2013,0.2993
38,09/03/2013,0.2993
39,08/03/2013,0.2993
40,07/03/2013,0.2993
41,06/03/2013,0.3001
42,05/03/2013,0.2983
43,04/03/2013,0.2971
44,03/03/2013,0.2958
45,02/03/2013,0.2958
46,01/03/2013,0.2958
47,28/02/2013,0.2934
48,27/02/2013,0.2915
49,26/02/2013,0.2889
50,25/02/2013,0.2873
51,24/02/2013,0.2874
52,23/02/2013,0.2874
53,22/02/2013,0.2874
54,21/02/2013,0.2871
55,20/02/2013,0.2872
56,19/02/2013,0.2877
57,18/02/2013,0.2891
58,17/02/2013,0.2891
59,16/02/2013,0.2891
60,15/02/2013,0.2891
61,14/02/2013,0.2911
62,13/02/2013,0.288
63,12/02/2013,0.2858
64,11/02/2013,0.2858
65,10/02/2013,0.2858
66,09/02/2013,0.2858
67,08/02/2013,0.2858
68,07/02/2013,0.2842
69,06/02/2013,0.2835
70,05/02/2013,0.287
71,04/02/2013,0.2907
72,03/02/2013,0.289
73,02/02/2013,0.289
74,01/02/2013,0.289
75,31/01/2013,0.289
76,30/01/2013,0.2885
77,29/01/2013,0.2907
78,28/01/2013,0.2925
79,27/01/2013,0.2925
80,26/01/2013,0.2925
81,25/01/2013,0.2925
82,24/01/2013,0.2933
83,23/01/2013,0.2933
84,22/01/2013,0.2926
85,21/01/2013,0.2911
86,20/01/2013,0.2996
87,19/01/2013,0.2996
88,18/01/2013,0.2996
89,17/01/2013,0.2991
90,16/01/2013,0.3005
91,15/01/2013,0.3006
92,14/01/2013,0.3016
93,13/01/2013,0.3017
94,12/01/2013,0.3017
95,11/01/2013,0.3017
96,10/01/2013,0.3017
97,09/01/2013,0.3013
98,08/01/2013,0.3025
99,07/01/2013,0.3021
0,06/01/2013,0.3011
1,05/01/2013,0.3011
2,04/01/2013,0.3011
3,03/01/2013,0.3028
4,02/01/2013,0.2996
5,01/01/2013,0.3018
6,31/12/2012,0.3018
7,30/12/2012,0.3015
8,29/12/2012,0.3015
9,28/12/2012,0.3015
10,27/12/2012,0.2991
11,26/12/2012,0.2993
12,25/12/2012,0.2996
13,24/12/2012,0.2996
14,23/12/2012,0.3004
15,22/12/2012,0.3004
16,21/12/2012,0.3004
17,20/12/2012,0.3028
18,19/12/2012,0.3011
19,18/12/2012,0.2994
20,17/12/2012,0.2995
21,16/12/2012,0.3
22,15/12/2012,0.3
23,14/12/2012,0.3
24,13/12/2012,0.3003
25,12/12/2012,0.3003
26,11/12/2012,0.2998
27,10/12/2012,0.2974
28,09/12/2012,0.2971
29,08/12/2012,0.2971
30,07/12/2012,0.2971
31,06/12/2012,0.2966
32,05/12/2012,0.2967
33,04/12/2012,0.2958
34,03/12/2012,0.2958
35,02/12/2012,0.2955
36,01/12/2012,0.2955
37,30/11/2012,0.2955
38,29/11/2012,0.2971
39,28/11/2012,0.2969
40,27/11/2012,0.2948
41,26/11/2012,0.2959
42,25/11/2012,0.2968
43,24/11/2012,0.2968
44,23/11/2012,0.2968
45,22/11/2012,0.2982
46,21/11/2012,0.2973
47,20/11/2012,0.2983
48,19/11/2012,0.298
49,18/11/2012,0.2985
50,17/11/2012,0.2985
51,16/11/2012,0.2985
52,15/11/2012,0.3004
53,14/11/2012,0.3004
54,13/11/2012,0.3004
55,12/11/2012,0.3004
56,11/11/2012,0.3006
57,10/11/2012,0.3006
58,09/11/2012,0.3006
59,08/11/2012,0.3008
60,07/11/2012,0.3021
61,06/11/2012,0.3009
62,05/11/2012,0.3001
63,04/11/2012,0.3008
64,03/11/2012,0.3008
65,02/11/2012,0.3008
66,01/11/2012,0.3021
67,31/10/2012,0.3008
68,30/10/2012,0.3011
69,29/10/2012,0.3009
70,28/10/2012,0.3021
71,27/10/2012,0.3021
72,26/10/2012,0.3021
73,25/10/2012,0.3021
74,24/10/2012,0.302
75,23/10/2012,0.3019
76,22/10/2012,0.3017
77,21/10/2012,0.3017
78,20/10/2012,0.3017
79,19/10/2012,0.3017
80,18/10/2012,0.3024
81,17/10/2012,0.301
82,16/10/2012,0.2992
83,15/10/2012,0.2981
84,14/10/2012,0.2991
85,13/10/2012,0.2991
86,12/10/2012,0.2991
87,11/10/2012,0.2989
88,10/10/2012,0.2989
89,09/10/2012,0.2994
90,08/10/2012,0.2991
91,07/10/2012,0.2997
92,06/10/2012,0.2997
93,05/10/2012,0.2997
94,04/10/2012,0.3004
95,03/10/2012,0.2994
96,02/10/2012,0.2996
97,01/10/2012,0.2987
98,30/09/2012,0.2981
99,29/09/2012,0.2981
0,28/09/2012,0.2981
1,27/09/2012,0.2968
2,26/09/2012,0.2959
3,25/09/2012,0.2963
4,24/09/2012,0.2951
5,23/09/2012,0.2964
6,22/09/2012,0.2964
7,21/09/2012,0.2964
8,20/09/2012,0.2956
9,19/09/2012,0.2978
10,18/09/2012,0.2979
11,17/09/2012,0.2985
12,16/09/2012,0.2985
13,15/09/2012,0.2985
14,14/09/2012,0.2985
15,13/09/2012,0.2958
16,12/09/2012,0.2932
17,11/09/2012,0.2929
18,10/09/2012,0.2943
19,09/09/2012,0.2953
20,08/09/2012,0.2953
21,07/09/2012,0.2953
22,06/09/2012,0.2932
23,05/09/2012,0.2972
24,04/09/2012,0.2996
25,03/09/2012,0.2997
26,02/09/2012,0.299
27,01/09/2012,0.299
28,31/08/2012,0.299
29,30/08/2012,0.299
30,29/08/2012,0.299
31,28/08/2012,0.3002
32,27/08/2012,0.3012
33,26/08/2012,0.302
34,25/08/2012,0.302
35,24/08/2012,0.302
36,23/08/2012,0.3019
37,22/08/2012,0.3025
38,21/08/2012,0.3026
39,20/08/2012,0.3026
40,19/08/2012,0.3026
41,18/08/2012,0.3026
42,17/08/2012,0.3026
43,16/08/2012,0.3031
44,15/08/2012,0.3015
45,14/08/2012,0.301
46,13/08/2012,0.3003
47,12/08/2012,0.3171
48,11/08/2012,0.3001
49,10/08/2012,0.3171
50,09/08/2012,0.3171
51,08/08/2012,0.3162
52,07/08/2012,0.3162
53,06/08/2012,0.3178
54,05/08/2012,0.3171
55,04/08/2012,0.3171
56,03/08/2012,0.3171
57,02/08/2012,0.3165
58,01/08/2012,0.3163
59,31/07/2012,0.3159
60,30/07/2012,0.3148
61,29/07/2012,0.3141
62,28/07/2012,0.3141
63,27/07/2012,0.3141
64,26/07/2012,0.3138
65,25/07/2012,0.3166
66,24/07/2012,0.3161
67,23/07/2012,0.3174
68,22/07/2012,0.3198
69,21/07/2012,0.3198
70,20/07/2012,0.3198
71,19/07/2012,0.3186
72,18/07/2012,0.3181
73,17/07/2012,0.318
74,16/07/2012,0.3168
75,15/07/2012,0.3155
76,14/07/2012,0.3155
77,13/07/2012,0.3155
78,12/07/2012,0.3155
79,11/07/2012,0.316
80,10/07/2012,0.3151
81,09/07/2012,0.3145
82,08/07/2012,0.3153
83,07/07/2012,0.3153
84,06/07/2012,0.3153
85,05/07/2012,0.3138
86,04/07/2012,0.3125
87,03/07/2012,0.3118
88,02/07/2012,0.3109
89,01/07/2012,0.3098
90,30/06/2012,0.3098
91,29/06/2012,0.3098
92,28/06/2012,0.3094
93,27/06/2012,0.3109
94,26/06/2012,0.311
95,25/06/2012,0.3124
96,24/06/2012,0.3123
97,23/06/2012,0.3123
98,22/06/2012,0.3123
99,21/06/2012,0.3128
0,20/06/2012,0.3129
1,19/06/2012,0.3113
2,18/06/2012,0.3102
3,17/06/2012,0.3085
4,16/06/2012,0.3085
5,15/06/2012,0.3085
6,14/06/2012,0.3082
7,13/06/2012,0.3099
8,12/06/2012,0.3093
9,11/06/2012,0.3097
10,10/06/2012,0.308
11,09/06/2012,0.308
12,08/06/2012,0.308
13,07/06/2012,0.3096
14,06/06/2012,0.3076
15,05/06/2012,0.3054
16,04/06/2012,0.3039
17,03/06/2012,0.3088
18,02/06/2012,0.3088
19,01/06/2012,0.3088
20,31/05/2012,0.3101
21,30/05/2012,0.3085
22,29/05/2012,0.3076
23,28/05/2012,0.3066
24,27/05/2012,0.3052
25,26/05/2012,0.3052
26,25/05/2012,0.3052
27,24/05/2012,0.3042
28,23/05/2012,0.3024
29,22/05/2012,0.3039
30,21/05/2012,0.301
31,20/05/2012,0.2999
32,19/05/2012,0.2999
33,18/05/2012,0.2999
34,17/05/2012,0.3044
35,16/05/2012,0.3017
36,15/05/2012,0.3067
37,14/05/2012,0.3094
38,13/05/2012,0.3115
39,12/05/2012,0.3115
40,11/05/2012,0.3115
41,10/05/2012,0.3123
42,09/05/2012,0.3117
43,08/05/2012,0.3125
44,07/05/2012,0.3109
45,06/05/2012,0.3127
46,05/05/2012,0.3127
47,04/05/2012,0.3127
48,03/05/2012,0.3135
49,02/05/2012,0.3142
50,01/05/2012,0.3115
51,30/04/2012,0.3115
52,29/04/2012,0.3106
53,28/04/2012,0.3106
54,27/04/2012,0.3106
55,26/04/2012,0.3116
56,25/04/2012,0.312
57,24/04/2012,0.3129
58,23/04/2012,0.3129
59,22/04/2012,0.3135
60,21/04/2012,0.3135
61,20/04/2012,0.3135
62,19/04/2012,0.3144
63,18/04/2012,0.315
64,17/04/2012,0.3142
65,16/04/2012,0.3145
66,15/04/2012,0.3153
67,14/04/2012,0.3153
68,13/04/2012,0.3153
69,12/04/2012,0.315
70,11/04/2012,0.3143
71,10/04/2012,0.3143
72,09/04/2012,0.3135
73,08/04/2012,0.3151
74,07/04/2012,0.3151
75,06/04/2012,0.3151
76,05/04/2012,0.3145
77,04/04/2012,0.3148
78,03/04/2012,0.3167
79,02/04/2012,0.3167
80,01/04/2012,0.3147
81,31/03/2012,0.3147
82,30/03/2012,0.3147
83,29/03/2012,0.3132
84,28/03/2012,0.3133
85,27/03/2012,0.3145
86,26/03/2012,0.3141
87,25/03/2012,0.3142
88,24/03/2012,0.3142
89,23/03/2012,0.3142
90,22/03/2012,0.3149
91,21/03/2012,0.315
92,20/03/2012,0.3151
93,19/03/2012,0.3147
94,18/03/2012,0.3148
95,17/03/2012,0.3148
96,16/03/2012,0.3148
97,15/03/2012,0.3153
98,14/03/2012,0.3157
99,13/03/2012,0.3148
0,12/03/2012,0.3145
1,11/03/2012,0.3168
2,10/03/2012,0.3168
3,09/03/2012,0.3168
4,08/03/2012,0.3164
5,07/03/2012,0.3154
6,06/03/2012,0.3171
7,05/03/2012,0.3177
8,04/03/2012,0.3169
9,03/03/2012,0.3169
10,02/03/2012,0.3169
11,01/03/2012,0.3155
12,29/02/2012,0.3149
13,28/02/2012,0.3123
14,27/02/2012,0.3126
15,26/02/2012,0.3122
16,25/02/2012,0.3122
17,24/02/2012,0.3122
18,23/02/2012,0.3124
19,22/02/2012,0.3146
20,21/02/2012,0.3161
21,20/02/2012,0.3153
22,19/02/2012,0.3155
23,18/02/2012,0.3155
24,17/02/2012,0.3155
25,16/02/2012,0.3142
26,15/02/2012,0.3168
27,14/02/2012,0.3169
28,13/02/2012,0.3171
29,12/02/2012,0.3175
30,11/02/2012,0.3175
31,10/02/2012,0.3175
32,09/02/2012,0.3172
33,08/02/2012,0.3164
34,07/02/2012,0.3151
35,06/02/2012,0.3151
36,05/02/2012,0.3151
37,04/02/2012,0.3151
38,03/02/2012,0.3151
39,02/02/2012,0.3152
40,01/02/2012,0.3101
41,31/01/2012,0.3101
42,30/01/2012,0.3092
43,29/01/2012,0.3095
44,28/01/2012,0.3095
45,27/01/2012,0.3095
46,26/01/2012,0.3089
47,25/01/2012,0.3079
48,24/01/2012,0.308
49,23/01/2012,0.308
50,22/01/2012,0.308
51,21/01/2012,0.308
52,20/01/2012,0.308
53,19/01/2012,0.3069
54,18/01/2012,0.3081
55,17/01/2012,0.3044
56,16/01/2012,0.3025
57,15/01/2012,0.305
58,14/01/2012,0.305
59,13/01/2012,0.305
60,12/01/2012,0.3047
61,11/01/2012,0.3046
62,10/01/2012,0.3046
63,09/01/2012,0.3033
64,08/01/2012,0.302
65,07/01/2012,0.302
66,06/01/2012,0.302
67,05/01/2012,0.3022
68,04/01/2012,0.3014
69,03/01/2012,0.3026
70,02/01/2012,0.3042
71,01/01/2012,0.3042
72,31/12/2011,0.3042
73,30/12/2011,0.3042
74,29/12/2011,0.3008
75,28/12/2011,0.3005
76,27/12/2011,0.3003
77,26/12/2011,0.2997
78,25/12/2011,0.2997
79,24/12/2011,0.2997
80,23/12/2011,0.2997
81,22/12/2011,0.2985
82,21/12/2011,0.297
83,20/12/2011,0.2938
84,19/12/2011,0.2952
85,18/12/2011,0.2942
86,17/12/2011,0.2942
87,16/12/2011,0.2942
88,15/12/2011,0.2922
89,14/12/2011,0.29
90,13/12/2011,0.2899
91,12/12/2011,0.2891
92,11/12/2011,0.2885
93,10/12/2011,0.2885
94,09/12/2011,0.2885
95,08/12/2011,0.2911
96,07/12/2011,0.293
97,06/12/2011,0.2918
98,05/12/2011,0.2929
99,04/12/2011,0.2935
0,03/12/2011,0.2935
1,02/12/2011,0.2935
2,01/12/2011,0.2914
3,30/11/2011,0.2893
4,29/11/2011,0.2863
5,28/11/2011,0.2846
6,27/11/2011,0.2846
7,26/11/2011,0.2846
8,25/11/2011,0.2846
9,24/11/2011,0.2869
10,23/11/2011,0.2862
11,22/11/2011,0.288
12,21/11/2011,0.2874
13,20/11/2011,0.2895
14,19/11/2011,0.2895
15,18/11/2011,0.2895
16,17/11/2011,0.2914
17,16/11/2011,0.2922
18,15/11/2011,0.293
19,14/11/2011,0.2936
20,13/11/2011,0.2919
21,12/11/2011,0.2919
22,11/11/2011,0.2919
23,10/11/2011,0.2919
24,09/11/2011,0.2935
25,08/11/2011,0.293
26,07/11/2011,0.2926
27,06/11/2011,0.2926
28,05/11/2011,0.2926
29,04/11/2011,0.2926
30,03/11/2011,0.29
31,02/11/2011,0.2922
32,01/11/2011,0.2918
33,31/10/2011,0.2939
34,30/10/2011,0.2946
35,29/10/2011,0.2946
36,28/10/2011,0.2946
37,27/10/2011,0.293
38,26/10/2011,0.2898
39,25/10/2011,0.2898
40,24/10/2011,0.2883
41,23/10/2011,0.287
42,22/10/2011,0.287
43,21/10/2011,0.287
44,20/10/2011,0.2865
45,19/10/2011,0.2879
46,18/10/2011,0.2857
47,17/10/2011,0.2901
48,16/10/2011,0.2851
49,15/10/2011,0.2851
50,14/10/2011,0.2851
51,13/10/2011,0.2855
52,12/10/2011,0.2829
53,11/10/2011,0.2804
54,10/10/2011,0.277
55,09/10/2011,0.2775
56,08/10/2011,0.2775
57,07/10/2011,0.2775
58,06/10/2011,0.2767
59,05/10/2011,0.2727
60,04/10/2011,0.2708
61,03/10/2011,0.2715
62,02/10/2011,0.275
63,01/10/2011,0.275
64,30/09/2011,0.275
65,29/09/2011,0.276
66,28/09/2011,0.2727
67,27/09/2011,0.271
68,26/09/2011,0.2669
69,25/09/2011,0.2708
70,24/09/2011,0.2708
71,23/09/2011,0.2708
72,22/09/2011,0.2739
73,21/09/2011,0.2799
74,20/09/2011,0.2787
75,19/09/2011,0.2808
76,18/09/2011,0.2843
77,17/09/2011,0.2843
78,16/09/2011,0.2843
79,15/09/2011,0.2843
80,14/09/2011,0.2852
81,13/09/2011,0.288
82,12/09/2011,0.2888
83,11/09/2011,0.3093
84,10/09/2011,0.2914
85,09/09/2011,0.3093
86,08/09/2011,0.3083
87,07/09/2011,0.3074
88,06/09/2011,0.3068
89,05/09/2011,0.3074
90,04/09/2011,0.3094
91,03/09/2011,0.3094
92,02/09/2011,0.3094
93,01/09/2011,0.3071
94,31/08/2011,0.3071
95,30/08/2011,0.3071
96,29/08/2011,0.3071
97,28/08/2011,0.3055
98,27/08/2011,0.3055
99,26/08/2011,0.3055
0,25/08/2011,0.3085
1,24/08/2011,0.3096
2,23/08/2011,0.3112
3,22/08/2011,0.3107
4,21/08/2011,0.3135
5,20/08/2011,0.3135
6,19/08/2011,0.3135
7,18/08/2011,0.319
8,17/08/2011,0.3197
9,16/08/2011,0.3198
10,15/08/2011,0.3193
11,14/08/2011,0.3155
12,13/08/2011,0.3155
13,12/08/2011,0.3155
14,11/08/2011,0.3146
15,10/08/2011,0.3146
16,09/08/2011,0.3145
17,08/08/2011,0.3171
18,07/08/2011,0.324
19,06/08/2011,0.324
20,05/08/2011,0.324
21,04/08/2011,0.331
22,03/08/2011,0.3301
23,02/08/2011,0.3313
24,01/08/2011,0.332
25,31/07/2011,0.3294
26,30/07/2011,0.3294
27,29/07/2011,0.3294
28,28/07/2011,0.329
29,27/07/2011,0.331
30,26/07/2011,0.3316
31,25/07/2011,0.33
32,24/07/2011,0.3333
33,23/07/2011,0.3333
34,22/07/2011,0.3333
35,21/07/2011,0.3315
36,20/07/2011,0.3297
37,19/07/2011,0.3286
38,18/07/2011,0.3292
39,17/07/2011,0.3334
40,16/07/2011,0.3334
41,15/07/2011,0.3334
42,14/07/2011,0.3344
43,13/07/2011,0.3347
44,12/07/2011,0.3346
45,11/07/2011,0.3367
46,10/07/2011,0.3371
47,09/07/2011,0.3371
48,08/07/2011,0.3371
49,07/07/2011,0.3363
50,06/07/2011,0.3381
51,05/07/2011,0.3344
52,04/07/2011,0.3344
53,03/07/2011,0.3353
54,02/07/2011,0.3353
55,01/07/2011,0.3353
56,30/06/2011,0.3344
57,29/06/2011,0.3331
58,28/06/2011,0.3336
59,27/06/2011,0.3267
60,26/06/2011,0.3271
61,25/06/2011,0.3271
62,24/06/2011,0.3271
63,23/06/2011,0.3279
64,22/06/2011,0.33
65,21/06/2011,0.3288
66,20/06/2011,0.3288
67,19/06/2011,0.3303
68,18/06/2011,0.3303
69,17/06/2011,0.3303
70,16/06/2011,0.3288
71,15/06/2011,0.3304
72,14/06/2011,0.3294
73,13/06/2011,0.3289
74,12/06/2011,0.3303
75,11/06/2011,0.3303
76,10/06/2011,0.3303
77,09/06/2011,0.3294
78,08/06/2011,0.3286
79,07/06/2011,0.329
80,06/06/2011,0.3283
81,05/06/2011,0.3286
82,04/06/2011,0.3286
83,03/06/2011,0.3286
84,02/06/2011,0.3278
85,01/06/2011,0.3285
86,31/05/2011,0.3304
87,30/05/2011,0.3271
88,29/05/2011,0.3267
89,28/05/2011,0.3267
90,27/05/2011,0.3267
91,26/05/2011,0.3258
92,25/05/2011,0.3253
93,24/05/2011,0.3255
94,23/05/2011,0.3254
95,22/05/2011,0.3275
96,21/05/2011,0.3275
97,20/05/2011,0.3275
98,19/05/2011,0.3279
99,18/05/2011,0.3275
0,17/05/2011,0.3267
1,16/05/2011,0.3267
2,15/05/2011,0.3276
3,14/05/2011,0.3276
4,13/05/2011,0.3276
5,12/05/2011,0.3269
6,11/05/2011,0.3279
7,10/05/2011,0.3252
8,09/05/2011,0.3244
9,08/05/2011,0.3241
10,07/05/2011,0.3241
11,06/05/2011,0.3241
12,05/05/2011,0.3256
13,04/05/2011,0.3271
14,03/05/2011,0.3287
15,02/05/2011,0.3276
16,01/05/2011,0.3276
17,30/04/2011,0.3276
18,29/04/2011,0.3276
19,28/04/2011,0.3281
20,27/04/2011,0.328
21,26/04/2011,0.3287
22,25/04/2011,0.3295
23,24/04/2011,0.33
24,23/04/2011,0.33
25,22/04/2011,0.33
26,21/04/2011,0.3307
27,20/04/2011,0.3312
28,19/04/2011,0.3303
29,18/04/2011,0.3312
30,17/04/2011,0.3306
31,16/04/2011,0.3306
32,15/04/2011,0.3306
33,14/04/2011,0.3315
34,13/04/2011,0.3324
35,12/04/2011,0.3305
36,11/04/2011,0.3338
37,10/04/2011,0.3356
38,09/04/2011,0.3356
39,08/04/2011,0.3356
40,07/04/2011,0.3359
41,06/04/2011,0.3349
42,05/04/2011,0.3352
43,04/04/2011,0.3359
44,03/04/2011,0.335
45,02/04/2011,0.335
46,01/04/2011,0.335
47,31/03/2011,0.3328
48,30/03/2011,0.3326
49,29/03/2011,0.3323
50,28/03/2011,0.3313
51,27/03/2011,0.3313
52,26/03/2011,0.3313
53,25/03/2011,0.3313
54,24/03/2011,0.3316
55,23/03/2011,0.332
56,22/03/2011,0.3312
57,21/03/2011,0.3302
58,20/03/2011,0.3279
59,19/03/2011,0.3279
60,18/03/2011,0.3279
61,17/03/2011,0.3259
62,16/03/2011,0.3257
63,15/03/2011,0.3244
64,14/03/2011,0.3276
65,13/03/2011,0.3267
66,12/03/2011,0.3267
67,11/03/2011,0.3267
68,10/03/2011,0.3313
69,09/03/2011,0.3336
70,08/03/2011,0.3315
71,07/03/2011,0.3308
72,06/03/2011,0.3325
73,05/03/2011,0.3325
74,04/03/2011,0.3325
75,03/03/2011,0.329
76,02/03/2011,0.3258
77,01/03/2011,0.33
78,28/02/2011,0.3287
79,27/02/2011,0.3308
80,26/02/2011,0.3308
81,25/02/2011,0.3308
82,24/02/2011,0.3295
83,23/02/2011,0.3371
84,22/02/2011,0.3365
85,21/02/2011,0.3401
86,20/02/2011,0.3396
87,19/02/2011,0.3396
88,18/02/2011,0.3396
89,17/02/2011,0.3363
90,16/02/2011,0.3351
91,15/02/2011,0.3335
92,14/02/2011,0.3335
93,13/02/2011,0.3306
94,12/02/2011,0.3306
95,11/02/2011,0.3306
96,10/02/2011,0.3326
97,09/02/2011,0.3367
98,08/02/2011,0.3379
99,07/02/2011,0.3376
0,06/02/2011,0.3383
1,05/02/2011,0.3383
2,04/02/2011,0.3383
3,03/02/2011,0.3383
4,02/02/2011,0.3383
5,01/02/2011,0.3327
6,31/01/2011,0.3327
7,30/01/2011,0.3324
8,29/01/2011,0.3324
9,28/01/2011,0.3324
10,27/01/2011,0.3334
11,26/01/2011,0.3316
12,25/01/2011,0.333
13,24/01/2011,0.336
14,23/01/2011,0.3375
15,22/01/2011,0.3375
16,21/01/2011,0.3375
17,20/01/2011,0.3409
18,19/01/2011,0.3409
19,18/01/2011,0.3415
20,17/01/2011,0.343
21,16/01/2011,0.3421
22,15/01/2011,0.3421
23,14/01/2011,0.3421
24,13/01/2011,0.3427
25,12/01/2011,0.3419
26,11/01/2011,0.3415
27,10/01/2011,0.3429
28,09/01/2011,0.3443
29,08/01/2011,0.3443
30,07/01/2011,0.3443
31,06/01/2011,0.3411
32,05/01/2011,0.3399
33,04/01/2011,0.3381
34,03/01/2011,0.3353
35,02/01/2011,0.3334
36,01/01/2011,0.3334
37,31/12/2010,0.3334
38,30/12/2010,0.3334
39,29/12/2010,0.3344
40,28/12/2010,0.3332
41,27/12/2010,0.3323
42,26/12/2010,0.3329
43,25/12/2010,0.3329
44,24/12/2010,0.3329
45,23/12/2010,0.3331
46,22/12/2010,0.3329
47,21/12/2010,0.3315
48,20/12/2010,0.3296
49,19/12/2010,0.3306
50,18/12/2010,0.3306
51,17/12/2010,0.3306
52,16/12/2010,0.3303
53,15/12/2010,0.3324
54,14/12/2010,0.3336
55,13/12/2010,0.3335
56,12/12/2010,0.333
57,11/12/2010,0.333
58,10/12/2010,0.333
59,09/12/2010,0.3354
60,08/12/2010,0.3337
61,07/12/2010,0.3325
62,06/12/2010,0.3325
63,05/12/2010,0.3333
64,04/12/2010,0.3333
65,03/12/2010,0.3333
66,02/12/2010,0.3337
67,01/12/2010,0.3311
68,30/11/2010,0.3316
69,29/11/2010,0.3336
70,28/11/2010,0.3334
71,27/11/2010,0.3334
72,26/11/2010,0.3334
73,25/11/2010,0.3343
74,24/11/2010,0.3324
75,23/11/2010,0.3321
76,22/11/2010,0.3351
77,21/11/2010,0.3363
78,20/11/2010,0.3363
79,19/11/2010,0.3363
80,18/11/2010,0.335
81,17/11/2010,0.3365
82,16/11/2010,0.3365
83,15/11/2010,0.3344
84,14/11/2010,0.3339
85,13/11/2010,0.3339
86,12/11/2010,0.3339
87,11/11/2010,0.3369
88,10/11/2010,0.3395
89,09/11/2010,0.3396
90,08/11/2010,0.339
91,07/11/2010,0.3379
92,06/11/2010,0.3379
93,05/11/2010,0.3379
94,04/11/2010,0.3379
95,03/11/2010,0.3373
96,02/11/2010,0.3372
97,01/11/2010,0.3381
98,31/10/2010,0.3377
99,30/10/2010,0.3377
0,29/10/2010,0.3377
1,28/10/2010,0.3375
2,27/10/2010,0.3372
3,26/10/2010,0.3367
4,25/10/2010,0.3358
5,24/10/2010,0.3354
6,23/10/2010,0.3354
7,22/10/2010,0.3354
8,21/10/2010,0.3355
9,20/10/2010,0.3351
10,19/10/2010,0.3355
11,18/10/2010,0.3348
12,17/10/2010,0.3376
13,16/10/2010,0.3376
14,15/10/2010,0.3376
15,14/10/2010,0.338
16,13/10/2010,0.3384
17,12/10/2010,0.3365
18,11/10/2010,0.3361
19,10/10/2010,0.3359
20,09/10/2010,0.3359
21,08/10/2010,0.3359
22,07/10/2010,0.3355
23,06/10/2010,0.3357
24,05/10/2010,0.3344
25,04/10/2010,0.333
26,03/10/2010,0.3337
27,02/10/2010,0.3337
28,01/10/2010,0.3337
29,30/09/2010,0.3321
30,29/09/2010,0.3316
31,28/09/2010,0.3309
32,27/09/2010,0.3324
33,26/09/2010,0.3302
34,25/09/2010,0.3302
35,24/09/2010,0.3302
36,23/09/2010,0.3311
37,22/09/2010,0.3333
38,21/09/2010,0.3332
39,20/09/2010,0.3335
40,19/09/2010,0.3337
41,18/09/2010,0.3337
42,17/09/2010,0.3337
43,16/09/2010,0.3344
44,15/09/2010,0.3344
45,14/09/2010,0.3349
46,13/09/2010,0.3337
47,12/09/2010,0.3297
48,11/09/2010,0.3297
49,10/09/2010,0.3297
50,09/09/2010,0.3297
51,08/09/2010,0.3291
52,07/09/2010,0.3294
53,06/09/2010,0.3294
54,05/09/2010,0.3299
55,04/09/2010,0.3299
56,03/09/2010,0.3299
57,02/09/2010,0.33
58,01/09/2010,0.3276
59,31/08/2010,0.3261
60,30/08/2010,0.3261
61,29/08/2010,0.3258
62,28/08/2010,0.3258
63,27/08/2010,0.3258
64,26/08/2010,0.3262
65,25/08/2010,0.3245
66,24/08/2010,0.3259
67,23/08/2010,0.3262
68,22/08/2010,0.3254
69,21/08/2010,0.3254
70,20/08/2010,0.3254
71,19/08/2010,0.3252
72,18/08/2010,0.3242
73,17/08/2010,0.3242
74,16/08/2010,0.3238
75,15/08/2010,0.3237
76,14/08/2010,0.3237
77,13/08/2010,0.3237
78,12/08/2010,0.3227
79,11/08/2010,0.3229
80,10/08/2010,0.3242
81,09/08/2010,0.3241
82,08/08/2010,0.3246
83,07/08/2010,0.3246
84,06/08/2010,0.3246
85,05/08/2010,0.3251
86,04/08/2010,0.3252
87,03/08/2010,0.3243
88,02/08/2010,0.324
89,01/08/2010,0.3221
90,31/07/2010,0.3221
91,30/07/2010,0.3221
92,29/07/2010,0.3222
93,28/07/2010,0.3214
94,27/07/2010,0.3212
95,26/07/2010,0.3213
96,25/07/2010,0.3212
97,24/07/2010,0.3212
98,23/07/2010,0.3212
99,22/07/2010,0.3205
