,A-DALI Equity,A-Dana Income,A-Dana Equity,A-Dana Balanced,A-DALI Equity,Aberdeen Std Islmc World Eq A,Advantage Glbl Eq Volatility Focus MYR H,Advantage Asia Pacific ex Japan Div,Advantage Glbl Eq Volatility Focus AUD H,Advantage Glb High Income Bond USD,Advantage Glb High Income Bond RM-Hdg,AHAM Absolute Return II-AUD,AHAM Absolute Return II-GBP,AHAM Absolute Return II-MYR,AHAM Absolute Return II-SGD,AHAM Absolute Return II-USD,AHAM Absolute Return III,AHAM Aiiman Enhncd i-Profit A Inc,AHAM Aiiman Enhncd i-Profit B Acc,AHAM Aiiman Asia(Ex Jpn)Gr MYR,AHAM Aiiman Bal,AHAM Aiiman Glb Mlt Thmtc MYR Hdg,AHAM Aiiman Glb Mlt Thmtc AUD Hdg,AHAM Aiiman Glb Mlt Thmtc SGD Hdg,AHAM Aiiman ESG Income Plus,AHAM Aiiman Glb Mlt Thmtc USD,AHAM Aiiman Glbl Sukuk MYR,AHAM Aiiman Glbl Sukuk MYR Hdg,AHAM Aiiman Glbl Sukuk USD,AHAM Aiiman Glb Thm Mxd Ast AUDH,AHAM Aiiman Glb Thm Mxd Ast MYRH,AHAM Aiiman Glb Thm Mxd Ast SGDH,AHAM Aiiman Gb Thm Mx Ast USD Ins,AHAM Aiiman Glb Thmtc Mxd Ast USD,AHAM Aiiman Growth,AHAM Aiiman Income MYR Inc,AHAM Aiiman Money Market,AHAM Aiiman Quantum,AHAM ASEAN Flexi,AHAM Aiiman Select Income,AHAM EduGrowth & Income Fd,AHAM Bond,AHAM ESG SGD Bond MYR,AHAM ESG SGD Bond SGD,AHAM Enhanced Deposit Fund,AHAM Equity,AHAM Flexi 6,AHAM Flexi Fund 7 SGD
YTD Return,0.08034566339972593,0.014032602560839269,0.0841995318752673,0.06791773711871252,0.08034566339972593,0.11172013541834591,0.054144778987828435,0.0551462591145957,0.059432672353361804,0.01210946476565411,0.0034688293922220392,0.1502233049127082,0.10731907894736836,0.126626940567665,0.12040210189627598,0.0981977818853974,0.11453335396997355,0.00789015664281556,0.007928067291888219,0.06972278232720197,0.039987895555939845,0.10911510312707917,0.10917721518987333,0.10961325966850821,0.014110414198241772,0.11456768933705197,0.04009034443817039,0.007126061280537055,0.014180133668092898,0.11520737327188924,0.05774907749077496,0.08643140215134926,0.06727721028531186,0.06484641638225264,0.0775462669137621,0.008549010422766123,0.00856899136638578,0.1391378777431702,0.024767561983471076,0.03930080951357562,0.058942268873637405,0.012091565185937903,0.020367461480082616,0.014792958792477107,0.00907368798619057,0.12364069796553712,0.055312556952797465,0.06802666452493766
1Y Return,0.10770859896700014,0.06457459539217636,0.11812341833755102,0.11044213466767006,0.10770859896700014,0.28776844070961727,0.12525729134612096,0.12034624209833966,0.1433600743054464,0.07341238304140041,0.03459566194174957,0.06563851796125642,0.01814744801512269,0.11129156999226608,0.05530449752528521,0.03913423699169227,0.08514165159734777,0.031018793273986267,0.031055286321827635,0.12483593197847997,0.0487227178935743,0.24619985048592086,0.24987264391237907,0.2568210262828534,0.060468743230949196,0.2827160493827159,0.1018490824961733,0.0004636068613816935,0.030357463624932635,0.17960254968128986,0.11732605729877221,0.16917140536149478,0.16091954022988508,0.15151515151515138,0.13075634617497878,0.033439999999999914,0.036748196468665784,0.22663150618295402,0.05148929404282376,0.08331964336384945,0.14142732811140113,0.0559144615661078,0.10203964925657649,0.046532808942248094,0.037071383725685525,0.1547897392296591,0.13818181818181796,0.1852049910873439
3Y Return,-0.04481756177555818,0.1394657646678441,-0.0022697532222389905,0.05146988013687648,-0.04481756177555818,0.3110266159695816,0.07447093315572628,-0.01175866177128404,0.06431549735737496,-0.08658172604394909,-0.11882309533820135,-0.04948834088240228,-0.10975206611570254,-0.0761267922587281,-0.18767599801225776,-0.19042752512348826,-0.1534211145074066,,,-0.13971164134979208,-0.20754779133222812,,,,0.098038863868803,,0.10798952657278327,-0.050593928728552506,-0.030688116804109655,,,,,,-0.05586696250326706,,0.08549291268483361,0.05341732352714823,0.1016589158048169,0.02790176989896409,0.05638340716874746,0.11079813981625009,0.15372181201357016,0.013795869260076365,0.08425470925470924,0.06080115919390794,-0.03820280707582435,-0.04227583723442563
5Y Return,-0.022857251791978173,0.2507541735486427,0.32351721277478207,0.3556210372970021,-0.022857251791978173,0.778694867165334,0.3513899724879894,0.2538970745248772,0.2944868000373144,0.013466329174712133,-0.01036898555473098,0.12823576264436487,0.06843880182503459,0.1758592471358429,0.01933070047807095,0.021930767576865184,0.06665679158643156,,,0.21077472442167355,0.05582620144832129,,,,0.16811574838469534,,0.24434730776872637,0.09032258064516152,0.06901243081051867,,,,,,0.35537035041291976,,0.14661239843072704,0.5242503777936847,0.3323819277715283,0.1328929079011072,,0.19279762086010366,,,0.14566510769622343,0.42023472111389326,0.18451467730387638,0.2464148467522731
10Y Return,,,,,,1.2885208907178178,,0.9398070068677735,,,,,,0.7706715958102281,,,,,,,0.18402401811201896,,,,0.45981727535125594,,,,,,,,,,0.42764347277696024,,0.37873460661849156,0.5722184849131213,,0.33612083256585,,0.4901727067535695,,,0.3676602403415221,0.5162716569842167,,
2017 Return,0.02961871750433276,0.010885885885885793,0.014042272126816524,0.011850152905198641,0.02961871750433276,0.07389229350832482,0.15740811346652417,0.18556930385337678,0.15324413027013395,-0.0011999999999999789,0.0041999999999999815,,,0.15223565394698513,,,0.15940016662038325,,,0.23104023734470625,0.1403666967237751,,,,0.03977967525493664,,-0.08356456575495019,-0.007440000000000002,0.03657810079828416,,,,,,0.15415906439745175,,0.03469981402298483,0.25107479156876056,0.14190556341432825,0.08806205761037456,,0.05062307964682633,,,0.03640965866376078,0.22397932329350412,-0.0010000000000000009,
2018 Return,-0.12433844367808256,0.059814971562643926,-0.1622759280871766,-0.1035619101132127,-0.12433844367808256,-0.10494373498545972,-0.09728812442335577,-0.11490216029628175,-0.10435470833894667,-0.04891271670508068,-0.022661226114649602,-0.10740000000000005,-0.08620000000000005,-0.14602630964427488,-0.14280000000000004,-0.17520000000000002,-0.12396816037735847,,,-0.10564635958395252,-0.08080555902301001,,,,0.04772464819678501,,0.023628569653544318,0.02287230809748597,-0.004976171792761663,,,,,,-0.09712102099873854,,0.03588814324544298,-0.15971835689635983,-0.09129771952158672,-0.02293842107720312,,0.05103825967901421,,,0.03629566061960743,-0.098302996071988,-0.08608407745560342,0.0013000000000000789
2019 Return,0.05148233623291332,0.09258040577437376,0.08642425010294263,0.08385042804346154,0.05148233623291332,0.24199217642723503,0.2376520659043584,0.20377267659876352,0.22471212463310009,0.11929245927124144,0.12721515133061323,0.21063302545618368,0.170499778858912,0.19527718845124986,0.19310670443814915,0.20879390813068022,0.214855011022554,,,0.1269601169767558,0.04077740441376809,,,,0.07541303182416303,,0.07148050898808322,0.10340055357848965,0.0840715617133303,,,,,,0.05088984770312455,,0.03529028146259772,0.09763151333831965,0.029023336214347495,0.07577427444215501,,0.0758865834504423,,,0.03552540371235646,0.07273247701169994,0.1530030688294608,0.14389563831905994
2020 Return,-0.009644859813084161,0.06812037974197027,0.2347383720930234,0.2139056347216437,-0.009644859813084161,0.15926732942938848,0.09599002091205944,0.08221618958776622,0.07229449464895454,0.05032075859876195,0.057513032399307384,0.10275229357798144,0.1635102193887119,0.17759999999999998,0.1794071762870515,0.19871666332464422,0.15189873417721533,,,0.3129514505624631,0.3164790471348682,,,,0.04997871126128994,,0.04456892812010782,0.06626635597777386,0.059109283029572524,,,,,,0.3587130397871312,,0.02459098521391856,0.2982221084799854,0.11976994484057601,0.05063929514373,0.00039999999999995595,0.05031833066057212,,,0.024416543757668885,0.20336505236297908,0.13742132366965487,0.19118030790641027
2021 Return,-0.050033266799733855,-0.014292548738189081,0.006307113420534138,0.023618497563015373,-0.050033266799733855,0.253260890885197,0.11851251080829273,0.053631687737345723,0.1032256683881645,-0.017213107488854074,-0.006791343571030173,-0.018242122719734688,-0.060304731355252716,-0.04807940190770821,-0.0571946596340861,-0.0794283815221003,-0.07693228044986844,,,-0.01588256259467158,-0.11848560177750389,0.004999999999999893,0.010000000000000009,0.0047999999999999154,-0.022004426722244674,0.0012000000000000899,0.043901732534352034,0.015737848097013618,0.0037295959325660544,,,,,,0.02111565066138099,,0.018241752102131414,0.05768135151789977,0.0882178628578203,-0.034266294044124845,0.0043964828137492695,-0.009555360858613526,0.009400000000000075,0.0016000000000000458,0.01738746530066715,0.13149583215793004,0.012731384538068546,0.04056720999926888
2022 Return,-0.03166029414739746,0.019490127589385287,-0.05919047961803303,-0.049109152891232966,-0.03166029414739746,-0.21852664576802505,-0.13264058679706592,-0.13595771824311997,-0.14674865348928923,-0.1519934230140303,-0.15448442717917255,-0.1353168599764667,-0.09022812393598922,-0.1463891134465104,-0.19497732821764913,-0.19068177729807512,-0.1577042399172699,0.0036000000000000476,0.0037000000000000366,-0.22791358149913787,-0.15426071048923373,-0.26940639269406397,-0.2882259976293955,-0.273972602739726,-0.004462399662019556,-0.2644479872459148,-0.03072021057370966,-0.07918974782968169,-0.0815796050987253,0.01079999999999992,-0.007600000000000051,-0.042200000000000015,0.0038000000000000256,-0.008199999999999985,-0.1576081309169749,,0.022890293911922655,-0.1582120854633634,0.02141455972101136,-0.0487004977434663,-0.10563939634630659,0.004725410364584404,0.013238490416913828,-0.04471057884231533,0.022555452535482523,-0.14972460383088404,-0.18196843236096183,-0.22332210053355805
2023 Return,0.0025965253002890876,0.07300422662297557,0.025128218344887987,0.04441571695866653,0.0025965253002890876,0.2524743566672665,0.08341278065630409,0.11967284589402682,0.09656374313316918,0.06576517290423922,0.03103289024537159,-0.04586451736710806,-0.09358239319400774,0.006683966344263492,-0.05029138786963083,-0.03371035706365055,-0.009018648731274892,0.029773881860743145,0.029880478087649376,0.05758371920860483,0.01577915044351408,0.24373638344226567,0.2458970792767734,0.25568648944916417,0.06442361993505585,0.28040173724212814,0.07006244424620878,0.00025150453606404,0.02527763664077809,0.11637931034482762,0.10207786967924148,0.112038389317755,0.14057826520438677,0.13178607467204828,0.05680566114194052,0.024680000000000035,0.0364766894925157,0.09156249999999999,0.026567481402762994,0.06345679763825074,0.09897913892587651,0.06215862617908341,0.10288555273932531,0.04053884711779454,0.03630922983062668,0.04796254908573361,0.10544320354160375,0.12762884736889601
2024 Return,0.08034566339972593,0.014032602560839269,0.0841995318752673,0.06791773711871252,0.08034566339972593,0.11172013541834591,0.054144778987828435,0.0551462591145957,0.059432672353361804,0.01210946476565411,0.0034688293922220392,0.1502233049127082,0.10731907894736836,0.126626940567665,0.12040210189627598,0.0981977818853974,0.11453335396997355,0.00789015664281556,0.007928067291888219,0.06972278232720197,0.039987895555939845,0.10911510312707917,0.10917721518987333,0.10961325966850821,0.014110414198241772,0.11456768933705197,0.04009034443817039,0.007126061280537055,0.014180133668092898,0.11520737327188924,0.05774907749077496,0.08643140215134926,0.06727721028531186,0.06484641638225264,0.0775462669137621,0.008549010422766123,0.00856899136638578,0.1391378777431702,0.024767561983471076,0.03930080951357562,0.058942268873637405,0.012091565185937903,0.020367461480082616,0.014792958792477107,0.00907368798619057,0.12364069796553712,0.055312556952797465,0.06802666452493766
YTD Sharpe,4.955322012932145,3.421190932163645,5.044954992038336,5.35749024227289,4.955322012932145,5.153978484082325,3.179467450146542,1.6235783890896396,3.5895080487901607,0.5664693776213774,-0.36067239737993034,9.334987106280959,5.138347692581843,7.7099176885610685,6.925457107146853,4.610462004850312,6.894928751479483,2.600307761434557,3.100812249113017,2.49670819472926,2.945377822955223,3.372526905881412,3.3741286187787316,3.39560524228926,6.055590895588006,3.572144210060045,3.3228552160150358,0.05676870797200455,2.1326930206825083,5.894039734366188,2.6588586338952345,4.676895394825287,3.2232533498825884,3.0970620032515974,4.751651818995818,0.6601440282260531,3.6982933905460764,7.946407003479761,0.8677731676284459,4.177812467797282,6.989471234514727,4.407045006914639,2.1884092862363884,3.618530095485594,5.894238138061897,7.276298260480667,4.952418639291672,5.005319605173028
1Y Sharpe,1.4179400387890526,2.778487428485459,1.5243590012704766,1.889974723723931,1.4179400387890526,2.5131293868029445,1.1405897851728715,0.7975520946384386,1.351341693675727,1.1202300410691346,0.16271647590673838,0.41411346815681954,-0.10301387878717547,0.9927880262996023,0.3257417738361963,0.11122343747100756,0.6704155926939429,2.0793273843136135,2.269961178208052,0.8708407597712916,0.4297650542311658,1.6593175465364973,1.6846571182132228,1.7420076900493475,3.2247482454777843,1.9333334524946084,1.3918250751962757,-2.0643987541645563,0.17740378256616304,1.5245937370207037,1.240515372115075,2.022819787327202,1.8444714405346252,1.7179706032260162,1.6349386929177616,0.5769926099478287,4.638164374386476,2.490568232341726,0.31294204762766864,1.6830521273545267,2.9389743396488512,3.064173790270482,2.1511410905239434,2.2432271830374417,5.797760397923553,1.6723271173957848,1.9432094320759943,2.2702968145968505
3Y Sharpe,-0.5238238324197133,1.0404236998350616,-0.34444182104189525,-0.17244332974655258,-0.5238238324197133,0.4211761046174653,-0.03075706330450945,-0.22901181365941242,-0.05704589135070711,-1.2828507794991912,-1.5448068386597764,-0.40493874830627796,-0.5553287507869819,-0.5130398224774013,-0.9325786831817823,-0.7978174696841414,-0.7419151842560638,,,-0.5574482351544716,-1.472465869608555,,,,0.2343148967307029,,0.14128592464671316,-2.9200017449942974,-2.376297106925472,,,,,,-0.5055312548917849,,-0.1515967570266206,-0.08533121524964783,0.04865668075590427,-0.471769989909235,-0.17399798153139376,0.5779610645873864,0.5516399035655559,-1.8650237574275872,-0.47551198083970075,-0.0643195650179092,-0.5195150140971857,-0.5554945564937656
5Y Sharpe,-0.326922580560065,0.8087072406434328,0.27266797099382656,0.4318650155282983,-0.326922580560065,0.5617802034149686,0.21280267908126047,0.1183825858255612,0.15541260001202237,-0.45179147820924276,-0.5323270655122034,-0.028712718408391614,-0.10940306104651358,0.042408828191066464,-0.20804959003201415,-0.17928834130097845,-0.12710848741194752,,,0.07771999969349028,-0.19901030891711052,,,,0.17146070893911572,,0.3470282534926565,-0.5057062392510451,-0.7870167814211846,,,,,,0.28857469846177514,,-0.14187347806971262,0.4069787577238736,0.24881715790717965,-0.05761191744055002,,0.4739983614130972,,,-0.3140018136416428,0.32597612068507636,0.08346356964370848,0.1922781808634007
10Y Sharpe,,,,,,0.41256737460743687,,0.29288089801181916,,,,,,0.29625991137463353,,,,,,,-0.15696764034954788,,,,0.6706239304112958,,,,,,,,,,0.08367718846300219,,1.4383865144995625,0.15714325792920555,,0.03582549122196406,,0.9303087201832798,,,2.4687905122462124,0.13206697466316641,,
2017 Sharpe,0.03506053818431135,-2.6367678850289926,-0.3035409803710158,-0.4726429011649491,0.03506053818431135,0.675674186549141,2.229579076975751,1.7657719630340887,2.152788825943392,-1.730288957872271,-1.3980307857984695,,,1.665899764700789,,,2.4368123108551663,,,2.753778954426667,3.5148573257819162,,,,2.194730225408416,,-3.3924714393712603,-1.0130339907070882,0.7259125603816972,,,,,,2.460195740558526,,3.249215811677023,4.026063640849509,1.839195426807539,2.613663852133876,,3.181116827229349,,,4.385261229513332,3.2879496954690817,-0.8807764979099046,
2018 Sharpe,-1.535285452197326,5.458121727523602,-1.8605181301591318,-1.8032509020864418,-1.535285452197326,-1.1938976428531123,-0.9735279150773309,-0.9497894378755498,-1.0285043747536928,-2.471467482375016,-1.6135512698398877,-1.438612233211644,-0.9614128696885598,-1.5618638583846998,-1.7765197692319716,-1.8155720364482901,-1.3889485076895003,,,-1.1599113675722075,-1.9072260202541347,,,,3.708397427020601,,-0.13136943822452343,-0.15382162141414898,-2.8355527444001836,,,,,,-1.4460487964308695,,2.8510507291062566,-1.8708452760297558,-1.1989875562059369,-1.4692375343238797,,4.652628333039952,,,4.995313240675037,-1.3715064028758894,-1.7450668376156566,-0.3654584208512004
2019 Sharpe,0.33011715718714674,4.121352577355593,0.9570370964421105,1.3040355657882443,0.33011715718714674,2.236266109730219,2.1017211946898526,1.5954137551715701,1.9702954479437926,2.777831117915527,2.3681466206503834,1.9755248466991253,1.3200428580105992,1.9828504675631118,1.9215964070062512,1.8973856144817676,2.087863983337071,,,1.0872340078194183,0.30731670560989854,,,,3.6137982344668496,,1.4059021887419951,2.692398476843635,6.121994377033748,,,,,,0.37679516131520896,,3.528384142098086,0.7907998146820087,0.014645211175098656,1.8532263161939488,,5.327100422471158,,,5.141037957149037,0.6862905363447906,2.382415193510911,2.1031088254184196
2020 Sharpe,-0.24498537544338883,1.1536352841804167,1.1463835277476635,1.443481626877335,-0.24498537544338883,0.5661056640360091,0.25391400946762105,0.2600211374328441,0.16457022381544104,0.24351628695407743,0.3217716563724086,0.46219182263951963,0.7644815570610024,1.0419410126642612,1.0027604498109128,1.0226073030188805,0.8544438005289046,,,1.7536563925575146,2.233257836994073,,,,0.6750305559133133,,0.2748678619583221,1.35432678513491,1.1014051067107922,,,,,,1.6767078944937912,,-2.0209034648839395,1.2373527332796042,0.4714636508395429,0.32941934162172765,-4.242640039502785,0.8863687471871554,,,-3.0811493482805474,0.9347040134243116,1.2978128771815944,1.245201356896503
2021 Sharpe,-0.8737499150064878,-2.6134800724136116,-0.24948279774674476,-0.0628849778100222,-0.8737499150064878,1.8547648426234213,0.8889584162499301,0.19704965706688612,0.7383893506973748,-1.6401766138197573,-1.2505779587413863,-0.34962342894303744,-0.6524878486583062,-0.5807851181825906,-0.6707115708715717,-0.8009331633971489,-0.8375420616872189,,,-0.30774433695439346,-1.5341110605002775,-0.16986140792585042,-0.13259556977141523,-0.17310779703666573,-2.9008933693575094,-0.1966586375126659,0.4891955294252445,-1.1670751094720686,-2.315343114672953,,,,,,-0.06645904411576901,,-6.6049927701332996,0.20192236150452397,0.4840186036979421,-1.3668491291923333,-0.35495334304536535,-2.5798105456288143,-0.6925353393531297,-2.0850444587583397,-11.193806580026964,0.7073264066892234,-0.21428860306082642,0.18774563563153285
2022 Sharpe,-0.6194785549742345,-0.3992653795837949,-0.8353243823094226,-0.950509382440356,-0.6194785549742345,-1.125845706231638,-0.9705931743974042,-0.9161462509888773,-1.0529114461359652,-3.1930401326175843,-3.2377676560871884,-1.304146001172716,-0.8834364196235772,-1.482473864090173,-1.988672084654421,-1.6024123382545115,-1.5083259870484906,-17.251040307883965,-15.641928573639126,-1.5131901328200428,-2.3132571227401284,-1.1869055897657443,-1.2597717318595965,-1.203473096009206,-1.486034802750137,-1.1661126396961563,-1.2455033095489276,-5.544584793512654,-5.272601331568422,-0.11984284323156688,-0.4201777464647311,-0.8164999748294982,-0.28523054445432044,-0.420864803406357,-1.5776922834602474,,-3.070789344486387,-1.2101303570073103,-0.058015142125104,-1.6028746368472615,-2.026225573863847,-1.2707600345098684,-0.3326173893453206,-5.111360707442006,-4.953079777820191,-1.1103620632230349,-1.9852430822021672,-2.684107897312554
2023 Sharpe,-0.4301299312756736,3.1861473400319094,-0.04789035447680655,0.3654645393209503,-0.4301299312756736,1.8651488254508064,0.5553310026357301,0.8038506048939738,0.6864251080517328,0.8375651849509471,0.06801964809700267,-0.7423418847587658,-1.1070804182969918,-0.22298064309320031,-0.8433299177599713,-0.5281343908843891,-0.3677531142260484,1.1776933671177032,1.4437225006955372,0.24024552171465824,-0.2589118703826683,1.6084380888138345,1.625048879077287,1.7008989531237964,3.2545984683087976,1.8777447656946649,0.711514341513998,-1.9144630077702953,-0.18748059842596362,0.79953891032212,1.077009369362963,1.202691241317972,1.6180166774014244,1.4940236035293262,0.4461625856301977,-0.366396748985481,4.2740906562226035,0.7725217994089995,-0.01821796346101416,1.0150516500652011,1.5920505339927895,3.462996435565032,1.8993668131443262,1.254673492517266,5.208948162582599,0.24839747179802119,1.2451524221557717,1.3491011634829169
2024 Sharpe,0.7760776161546851,-1.6296135155582423,0.8014283235561221,0.7844511604136265,0.7760776161546851,0.8638433392875565,0.4019410726354626,0.20837648969510475,0.4867961437579331,-0.42211387168926295,-0.6296267772919135,1.5794685291611785,0.8572145343159353,1.3040904130721211,1.1682180312090065,0.7587867440101932,1.1584760380989818,-13.285099609446501,-15.212254583660897,0.370133268486779,0.24899761239312013,0.5637735791280812,0.5640791488417886,0.5679333821837276,-2.8369841590219993,0.6002030909567254,0.2823915365316147,-1.462260942649364,-0.9844713029232374,0.9908341982173049,0.3534539725903118,0.7483233859397017,0.46975208113969835,0.4427816093606609,0.7353243052094725,-1.934660091244522,-10.695192788250532,1.3465541917969621,-0.037494297128228625,0.34035544931014977,0.9425776218414443,-3.299164432608098,-0.2983082395491316,-1.4705624521290375,-12.688753053507334,1.2293517890555643,0.6371523266323292,0.7334578665808417
Max Drawdown,-0.3099039960613768,-0.05925067122284596,-0.2696266804419861,-0.16760451344901744,-0.3099039960613768,-0.29196901127560027,-0.3601342583530878,-0.25887285541579863,-0.36556352451273066,-0.2280563370406401,-0.2252004942899558,-0.27334439583647613,-0.3006622516556291,-0.31238343901529275,-0.3662160154508989,-0.4003319752527539,-0.3240771349862259,0.0,0.0,-0.35369302344438924,-0.31533838623737637,-0.346990291262136,-0.3625459469916812,-0.3546759798214978,-0.21503532989475566,-0.3488507985975847,-0.1403081762183819,-0.09478633888797229,-0.10152822160041068,-0.05999623848034593,-0.09260315649363,-0.07610379550735853,-0.0886220697541453,-0.08996539792387545,-0.3059562872830525,-0.00039996488113240927,-0.006829651028014052,-0.4012763488686908,-0.32437614166452805,-0.14416115404990568,-0.1537001897533207,-0.041249082786101135,-0.039299610894941626,-0.061074757089034294,-0.0203966310577725,-0.7590420806073823,-0.22930137202334014,-0.24802506129120122
PriceCurrency,MYR,MYR,MYR,MYR,MYR,MYR,MYR,MYR,AUD,USD,MYR,AUD,GBP,MYR,SGD,USD,MYR,MYR,MYR,MYR,MYR,MYR,AUD,SGD,MYR,USD,MYR,MYR,USD,AUD,MYR,SGD,USD,USD,MYR,MYR,MYR,MYR,MYR,MYR,MYR,MYR,MYR,SGD,MYR,MYR,MYR,SGD
StarRatingM255,2.0,5.0,4.0,4.0,2.0,4.0,2.0,4.0,2.0,4.0,2.0,3.0,3.0,3.0,2.0,2.0,2.0,,,3.0,2.0,,,,3.0,,5.0,3.0,4.0,,,,,,3.0,,5.0,4.0,,3.0,3.0,3.0,,,4.0,4.0,2.0,5.0
CategoryName,Equity - Malaysia Large-cap (Shariah),Bonds - Malaysia (Shariah),Equity - Malaysia Large-cap (Shariah),Blended - Balanced (Shariah),Equity - Malaysia Large-cap (Shariah),Equity - Global,Equity - Global,Equity - Asia Pacific ex-Japan,Equity - Global,Bonds - Global,Bonds - Global,Blended - Flexible,Blended - Flexible,Blended - Flexible,Blended - Flexible,Blended - Flexible,Blended - Flexible,Money Market - Malaysia (Shariah),Money Market - Malaysia (Shariah),Equity - Asia Pacific ex-Japan (Shariah),Blended - Balanced (Shariah),Equity - Global,Equity - Global,Equity - Global,Bonds - Malaysia (Shariah),Equity - Global,Bonds - Global,Bonds - Global,Bonds - Global,Blended - Balanced (Shariah),Blended - Balanced (Shariah),Blended - Balanced (Shariah),Blended - Balanced (Shariah),Blended - Balanced (Shariah),Equity - Malaysia Mid/Small-cap (Shariah),Money Market - Malaysia (Shariah),Money Market - Malaysia (Shariah),Equity - Malaysia Mid/Small-cap (Shariah),Blended - Other,Blended - Conservative,Blended - Balanced,Bonds - Malaysia,Bonds - Other,Bonds - Other,Money Market - Malaysia,Equity - Malaysia Large-cap,Blended - Flexible,Blended - Flexible
2013 Return,,,,,,0.17271999999999998,,0.06150866838804858,,,,,,0.22758620689655173,,,,,,,0.0727547381918463,,,,0.021584396938763017,,,,,,,,,,0.24255452792999654,,0.03515459551037692,0.1151209345691877,,0.06400000000000006,,0.03695752387224238,,,0.031170081773119085,0.13268970244993228,,
2014 Return,,,,,,0.09649334945586463,,0.0627341639801342,,,,,,0.12287598275424805,,,0.0005999999999999339,,,,-0.00677375334988406,,,,0.03054371382981258,,,,,,,,,,-0.007231079187105749,,0.03047392015939665,-0.025990323805749505,0.014000000000000012,0.03709981167608278,,0.03296033328676118,,,0.03260520152463764,-0.10211696177587148,,
2015 Return,,,,,,0.06096792488499592,0.008099999999999996,0.10143477904402731,-0.0037000000000000366,,,,,0.1245623941276115,,,0.07107735358784728,,,0.0,-0.007929019549419936,,,,0.034017771512427464,,0.0,,0.0,,,,,,0.04258632631722903,,0.03627104013810967,-0.011968738874667206,0.004930966469427922,0.02008353005266028,,0.028133684184639574,,,0.03596365091836273,0.01777573366254348,,
2016 Return,,,,,,0.11018122704557776,0.040896914376426174,0.15355061743304854,0.03368463314262771,,,,,0.11596911824461587,,,0.090798939795532,,,0.0786,0.0576395395529381,,,,0.050337294496068496,,0.059539999999999926,,0.007160000000000055,,,,,,-0.003079819726181432,,0.04743431787153263,-0.007840157493912647,0.10130151843817803,0.04954393215990871,,0.046698468491087164,,,0.036983793216896155,0.01605178716814848,,
2013 Sharpe,,,,,,1.4264459403498249,,0.2922966419425815,,,,,,2.012719536136342,,,,,,,0.8840537066340456,,,,-0.7651097851475209,,,,,,,,,,2.252060829039903,,0.607692547784098,1.1166815763500164,,0.9028218021469395,,0.5110514373517269,,,2.1156416224698544,1.40534255126841,,
2014 Sharpe,,,,,,0.7179639923733716,,0.3627527311164923,,,,,,1.3330461019267719,,,-1.465608603467595,,,,-0.762184199959985,,,,0.46446648730557805,,,,,,,,,,-0.456957389149704,,0.5807245216207555,-0.7557560684343576,-0.2550674451841979,0.2823155686726816,,0.4575346659974861,,,3.0480979053172144,-1.707975188981596,,
2015 Sharpe,,,,,,0.236965145463648,-0.20898653412390958,0.5384712976317997,-0.3377863706306786,,,,,0.9131307160469598,,,0.4784375178208032,,,-inf,-0.6527956976908919,,,,0.78369406388973,,-inf,,-inf,,,,,,0.17570176556018074,,3.7021787286080703,-0.5137807196718343,-0.2994427606337147,-0.259944807829124,,0.019778384253360676,,,5.625711430095619,-0.1338987125776812,,
2016 Sharpe,,,,,,0.6625122206249515,0.11697905689645237,1.0301890475509181,0.051122401084497844,,,,,1.1498812900835464,,,0.8385759760273186,,,0.8633334734117003,0.5541591343842892,,,,1.645292213888501,,0.4052543298531932,,-1.0448229273288947,,,,,,-0.6393402238762604,,2.7180776127337354,-0.6743461570148369,0.8850528807724208,0.9368666610372614,,1.1823316815485985,,,5.1704135525551855,-0.2036400133581853,,
2012 Return,,,,,,,,0.0706,,,,,,0.339546706206312,,,,,,,0.05517292316782685,,,,0.050125281243608155,,,,,,,,,,0.16804587504752244,,0.028978091122735306,0.08957290656960293,,,,0.028964675571225174,,,0.029361093503665003,0.09414326341983648,,
2012 Sharpe,,,,,,,,0.7680840361677331,,,,,,2.6312491050767415,,,,,,,0.5943074218897004,,,,3.7351989947144872,,,,,,,,,,2.136714816864599,,0.20023815613534063,0.8927729218350472,,,,0.21202874027346655,,,0.885572174132555,1.1554627655887755,,
2007 Return,,,,,,,,,,,,,,0.0,,,,,,,0.1550920789882404,,,,0.18712064597269573,,,,,,,,,,0.2890826233405983,,,0.06190172303765151,,,,0.03895589330713012,,,0.034841202525681014,0.29337994369837106,,
2008 Return,,,,,,,,,,,,,,-0.17720000000000002,,,,,,,-0.25205500647931456,,,,-0.17867616576333134,,,,,,,,,,-0.2590941694845783,,0.0,-0.3566493080180746,,,,0.0283260624180115,,,0.024734306556048136,-0.38116007194244605,,
2009 Return,,,,,,,,,,,,,,0.4010695187165776,,,,,,,0.28008068061337954,,,,0.27626560981081294,,,,,,,,,,0.43988428647165945,,0.017879999999999896,0.4330078740157479,,,,0.03703923459170788,,,0.03353092256694201,0.438116689675216,,
2010 Return,,,,,,,,,,,,,,0.007372301211163723,,,,,,,0.06279785244616032,,,,0.0548070901120028,,,,,,,,,,0.2003307440947073,,0.018701502799332026,0.10238386308068459,,,,0.005762164171635442,,,0.027656702688296786,0.1383515348436073,,
2011 Return,,,,,,,,,,,,,,-0.19286816389507977,,,,,,,0.019858715665276527,,,,0.0795338433072823,,,,,,,,,,0.031208023057160306,,0.017294233327549424,-0.005350213616587607,,,,0.04779160982264674,,,0.02892271662763468,-0.01271886500520103,,
2007 Sharpe,,,,,,,,,,,,,,-inf,,,,,,,0.8109148690013886,,,,1.759745144539172,,,,,,,,,,1.694667977693108,,,0.3162175420116622,,,,0.6500225139023627,,,0.5453556027886045,1.2091221691530902,,
2008 Sharpe,,,,,,,,,,,,,,-1.6353450486340526,,,,,,,-2.1095599763562247,,,,-1.975968089195107,,,,,,,,,,-1.9115293770141453,,-inf,-2.1250154163445374,,,,0.014177550786021773,,,-0.19905426034879306,-2.0955566132391255,,
2009 Sharpe,,,,,,,,,,,,,,2.5909850252784214,,,,,,,2.3948577965722686,,,,3.6413862510049118,,,,,,,,,,3.950690617816945,,-1.1903097205077287,2.7187249372454114,,,,0.45583307161062675,,,0.8666556820116423,1.860870845983546,,
2010 Sharpe,,,,,,,,,,,,,,-0.14823913152938456,,,,,,,0.5286672613118004,,,,0.8994788775168929,,,,,,,,,,1.970334716971273,,-2.0116440795178234,0.8158746975252035,,,,-0.6780470211084241,,,-0.2504177578760258,1.369924918916085,,
2011 Sharpe,,,,,,,,,,,,,,-1.0645543617648305,,,,,,,-0.09575061227592534,,,,3.96458743041991,,,,,,,,,,0.03199588177218789,,-2.0775547082733627,-0.2747141334691774,,,,0.8036384065812158,,,0.6800933201143693,-0.3711046033909677,,
2001 Return,,,,,,,,,,,,,,,,,,,,,-0.00231578947368416,,,,,,,,,,,,,,,,,,,,,0.0,,,,0.045458984374999956,,
2002 Return,,,,,,,,,,,,,,,,,,,,,-0.03692762186115217,,,,,,,,,,,,,,0.007807554336358047,,,,,,,0.03980000000000006,,,,-0.06862516152133635,,
2003 Return,,,,,,,,,,,,,,,,,,,,,0.1353866607578107,,,,,,,,,,,,,,0.654472910541789,,,,,,,0.06323472915866324,,,,0.2090053534285814,,
2004 Return,,,,,,,,,,,,,,,,,,,,,-0.1182352941176471,,,,0.052120700569740386,,,,,,,,,,0.13657554836573005,,,,,,,0.058378339324097306,,,,0.08688678173972297,,
2005 Return,,,,,,,,,,,,,,,,,,,,,-0.0331774660431976,,,,-0.03690332932210183,,,,,,,,,,-0.1786210606536065,,,,,,,0.03739465693131794,,,0.018522226672006425,-0.056310781823684986,,
2006 Return,,,,,,,,,,,,,,,,,,,,,0.03847926267281099,,,,0.14250312369845886,,,,,,,,,,0.23954154727793697,,,,,,,0.037199592333234666,,,0.043055145974638664,0.2087017152419468,,
2001 Sharpe,,,,,,,,,,,,,,,,,,,,,-6.738055225352442,,,,,,,,,,,,,,,,,,,,,-inf,,,,0.11439899882750319,,
2002 Sharpe,,,,,,,,,,,,,,,,,,,,,-0.6541876436909,,,,,,,,,,,,,,-0.6492254559742662,,,,,,,0.9869981701284556,,,,-0.8179668670002664,,
2003 Sharpe,,,,,,,,,,,,,,,,,,,,,1.2679380194192098,,,,,,,,,,,,,,4.8294958928564995,,,,,,,1.1234029298385952,,,,1.567879045465127,,
2004 Sharpe,,,,,,,,,,,,,,,,,,,,,-1.5427125319761579,,,,0.7888408783061464,,,,,,,,,,0.8109419406024522,,,,,,,1.2714038149124889,,,,0.5394971807266035,,
2005 Sharpe,,,,,,,,,,,,,,,,,,,,,-0.6894201037933255,,,,-2.0883287131720496,,,,,,,,,,-3.0523730367762494,,,,,,,0.6532972874042049,,,-0.9770024382601671,-0.7630200477250907,,
2006 Sharpe,,,,,,,,,,,,,,,,,,,,,0.14510978554557408,,,,2.4584065406122977,,,,,,,,,,2.9343629126187896,,,,,,,0.8084602120988775,,,2.0780391326972816,1.645917415177296,,
1993 Return,,,,,,,,,,,,,,,,,,,,,,,,,,,,,,,,,,,,,,,,,,,,,,0.27317894736842097,,
1994 Return,,,,,,,,,,,,,,,,,,,,,,,,,,,,,,,,,,,,,,,,,,,,,,-0.20877703551822213,,
1995 Return,,,,,,,,,,,,,,,,,,,,,,,,,,,,,,,,,,,,,,,,,,,,,,-0.023416927899686413,,
1996 Return,,,,,,,,,,,,,,,,,,,,,,,,,,,,,,,,,,,,,,,,,,,,,,0.08352325618720502,,
1997 Return,,,,,,,,,,,,,,,,,,,,,,,,,,,,,,,,,,,,,,,,,,,,,,-0.48765121216609886,,
1998 Return,,,,,,,,,,,,,,,,,,,,,,,,,,,,,,,,,,,,,,,,,,,,,,0.0499971088795943,,
1999 Return,,,,,,,,,,,,,,,,,,,,,,,,,,,,,,,,,,,,,,,,,,,,,,0.3720909384300928,,
2000 Return,,,,,,,,,,,,,,,,,,,,,,,,,,,,,,,,,,,,,,,,,,,,,,-0.19714610529617005,,
1993 Sharpe,,,,,,,,,,,,,,,,,,,,,,,,,,,,,,,,,,,,,,,,,,,,,,1.8961959771500163,,
1994 Sharpe,,,,,,,,,,,,,,,,,,,,,,,,,,,,,,,,,,,,,,,,,,,,,,-1.3565784858267707,,
1995 Sharpe,,,,,,,,,,,,,,,,,,,,,,,,,,,,,,,,,,,,,,,,,,,,,,-0.37383055281286054,,
1996 Sharpe,,,,,,,,,,,,,,,,,,,,,,,,,,,,,,,,,,,,,,,,,,,,,,0.5282406565299154,,
1997 Sharpe,,,,,,,,,,,,,,,,,,,,,,,,,,,,,,,,,,,,,,,,,,,,,,-1.3839208172567674,,
1998 Sharpe,,,,,,,,,,,,,,,,,,,,,,,,,,,,,,,,,,,,,,,,,,,,,,0.05405193582962069,,
1999 Sharpe,,,,,,,,,,,,,,,,,,,,,,,,,,,,,,,,,,,,,,,,,,,,,,1.2932381860140412,,
2000 Sharpe,,,,,,,,,,,,,,,,,,,,,,,,,,,,,,,,,,,,,,,,,,,,,,-1.0258154140791365,,
